<?xml version = '1.0' encoding = 'UTF-8'?>
<Relation class="oracle.dbtools.crest.model.design.logical.Relation" name="EMPLEA_PERSONAL" directorySegmentName="seg_0" id="19B14F8D-1A97-5E78-A6FF-4D13005BE9EE">
<createdBy>felix</createdBy>
<createdTime>2025-08-29 05:20:33 UTC</createdTime>
<ownerDesignName>Vivi_Mejor</ownerDesignName>
<engineerTo>
<item key="520F5A48-B709-9D5B-5102-04CB8EBDB8AD" value="true"/>
</engineerTo>
<sourcePk>D421FA60-2812-1C86-F3A1-9D7477208331</sourcePk>
<identifying>false</identifying>
<nameOnSource>emplea</nameOnSource>
<nameOnTarget>trabaja en</nameOnTarget>
<optionalSource>true</optionalSource>
<optionalTarget>false</optionalTarget>
<sourceCardinality>1</sourceCardinality>
<sourceEntity>1120425D-C24F-C55B-CAA0-72E7C5409520</sourceEntity>
<targetCardinalityString>*</targetCardinalityString>
<targetEntity>44A848BA-1222-9085-9D3D-51FDB2B23CFE</targetEntity>
<transferable>true</transferable>
</Relation>