<?xml version = '1.0' encoding = 'UTF-8'?>
<Relation class="oracle.dbtools.crest.model.design.logical.Relation" name="SUPERVISA" directorySegmentName="seg_0" id="201AAAEB-692D-95E4-FF92-5184FEFE572C">
<createdBy>felix</createdBy>
<createdTime>2025-08-27 16:37:55 UTC</createdTime>
<ownerDesignName>Vivi_Mejor</ownerDesignName>
<engineerTo>
<item key="520F5A48-B709-9D5B-5102-04CB8EBDB8AD" value="true"/>
</engineerTo>
<targetPk>9E88FAF2-0657-AE8F-A6D5-72DB77808695</targetPk>
<identifying>false</identifying>
<nameOnSource>supervisa</nameOnSource>
<nameOnTarget>es supervisado</nameOnTarget>
<optionalSource>false</optionalSource>
<optionalTarget>true</optionalTarget>
<sourceCardinality>1</sourceCardinality>
<sourceEntity>205CADB3-7D11-E19B-70EE-3B32DDFA5C7A</sourceEntity>
<targetCardinalityString>*</targetCardinalityString>
<targetEntity>205CADB3-7D11-E19B-70EE-3B32DDFA5C7A</targetEntity>
<transferable>true</transferable>
<deleteRule>SET NULL</deleteRule>
</Relation>