<?xml version = '1.0' encoding = 'UTF-8'?>
<Relation class="oracle.dbtools.crest.model.design.logical.Relation" name="ALOJA_RESIDENTE" directorySegmentName="seg_0" id="B49D65F7-7114-BED4-2DE1-8677D971ADC7">
<createdBy>felix</createdBy>
<createdTime>2025-08-29 05:24:13 UTC</createdTime>
<ownerDesignName>Vivi_Mejor</ownerDesignName>
<engineerTo>
<item key="520F5A48-B709-9D5B-5102-04CB8EBDB8AD" value="true"/>
</engineerTo>
<sourcePk>6297C823-1245-4193-A250-5DF86E1D01A7</sourcePk>
<identifying>false</identifying>
<nameOnSource>aloja</nameOnSource>
<nameOnTarget>ocupa</nameOnTarget>
<optionalSource>true</optionalSource>
<optionalTarget>false</optionalTarget>
<sourceCardinality>1</sourceCardinality>
<sourceEntity>4E3132CF-2CA9-21A3-97A3-774732742ABB</sourceEntity>
<targetCardinalityString>1</targetCardinalityString>
<targetEntity>8DADA66E-D3B5-366E-0054-912CD439872B</targetEntity>
<transferable>true</transferable>
<deleteRule>NO ACTION</deleteRule>
</Relation>