<?xml version = '1.0' encoding = 'UTF-8'?>
<Relation class="oracle.dbtools.crest.model.design.logical.Relation" name="INCLUYE_ANEXO" directorySegmentName="seg_0" id="B77B7D48-1D7B-7E5B-E7AB-761752D3D8AC">
<createdBy>felix</createdBy>
<createdTime>2025-08-29 05:26:45 UTC</createdTime>
<ownerDesignName>Vivi_Mejor</ownerDesignName>
<engineerTo>
<item key="520F5A48-B709-9D5B-5102-04CB8EBDB8AD" value="true"/>
</engineerTo>
<sourcePk>A9428E65-15B4-5EC7-B0C6-78ACC631D865</sourcePk>
<identifying>true</identifying>
<nameOnSource>incluye</nameOnSource>
<nameOnTarget>pertenece a</nameOnTarget>
<optionalSource>true</optionalSource>
<optionalTarget>false</optionalTarget>
<sourceCardinality>1</sourceCardinality>
<sourceEntity>73886C39-6B14-D2C7-7007-E8AA2D99A6BE</sourceEntity>
<targetCardinalityString>*</targetCardinalityString>
<targetEntity>11C0453F-E51D-02DC-05C1-D39D5CADD509</targetEntity>
<transferable>true</transferable>
<deleteRule>CASCADE</deleteRule>
</Relation>