<?xml version = '1.0' encoding = 'UTF-8'?>
<Relation class="oracle.dbtools.crest.model.design.logical.Relation" name="SUSCRIBE_CONTRATO" directorySegmentName="seg_0" id="C5B1F543-34C8-A28B-DD9B-3209F70067CE">
<createdBy>felix</createdBy>
<createdTime>2025-08-29 05:26:16 UTC</createdTime>
<ownerDesignName>Vivi_Mejor</ownerDesignName>
<engineerTo>
<item key="520F5A48-B709-9D5B-5102-04CB8EBDB8AD" value="true"/>
</engineerTo>
<sourcePk>32C9C1DC-7AE2-457D-77EE-252591CD2934</sourcePk>
<identifying>false</identifying>
<nameOnSource>suscribe</nameOnSource>
<nameOnTarget>es suscrito por</nameOnTarget>
<optionalSource>true</optionalSource>
<optionalTarget>false</optionalTarget>
<sourceCardinality>1</sourceCardinality>
<sourceEntity>9F60BFC1-AB2C-907B-45CA-CA9F94A84D9D</sourceEntity>
<targetCardinalityString>*</targetCardinalityString>
<targetEntity>73886C39-6B14-D2C7-7007-E8AA2D99A6BE</targetEntity>
<transferable>true</transferable>
</Relation>