<?xml version = '1.0' encoding = 'UTF-8'?>
<Relation class="oracle.dbtools.crest.model.design.logical.Relation" name="REGISTRA_RESIDENTE" directorySegmentName="seg_0" id="E7488948-5F45-7453-9F78-37BDE5FBC970">
<createdBy>felix</createdBy>
<createdTime>2025-08-29 05:27:42 UTC</createdTime>
<ownerDesignName>Vivi_Mejor</ownerDesignName>
<engineerTo>
<item key="520F5A48-B709-9D5B-5102-04CB8EBDB8AD" value="true"/>
</engineerTo>
<sourcePk>161E7292-9934-1B17-9A3D-C73FBE3BD9BA</sourcePk>
<identifying>false</identifying>
<nameOnSource>registra</nameOnSource>
<nameOnTarget>está registrado en</nameOnTarget>
<optionalSource>true</optionalSource>
<optionalTarget>false</optionalTarget>
<sourceCardinality>1</sourceCardinality>
<sourceEntity>11C0453F-E51D-02DC-05C1-D39D5CADD509</sourceEntity>
<targetCardinalityString>1</targetCardinalityString>
<targetEntity>8DADA66E-D3B5-366E-0054-912CD439872B</targetEntity>
<transferable>true</transferable>
<deleteRule>SET NULL</deleteRule>
</Relation>