<?xml version = '1.0' encoding = 'UTF-8'?>
<Relation class="oracle.dbtools.crest.model.design.logical.Relation" name="TIENE_HABITACION" directorySegmentName="seg_0" id="EC0A0BD1-5E9D-2DCB-9024-1FAE9FB8D936">
<createdBy>felix</createdBy>
<createdTime>2025-08-29 05:19:34 UTC</createdTime>
<ownerDesignName>Vivi_Mejor</ownerDesignName>
<engineerTo>
<item key="520F5A48-B709-9D5B-5102-04CB8EBDB8AD" value="true"/>
</engineerTo>
<sourcePk>D421FA60-2812-1C86-F3A1-9D7477208331</sourcePk>
<identifying>false</identifying>
<nameOnSource>tiene</nameOnSource>
<nameOnTarget>pertenece a</nameOnTarget>
<optionalSource>true</optionalSource>
<optionalTarget>false</optionalTarget>
<sourceCardinality>1</sourceCardinality>
<sourceEntity>1120425D-C24F-C55B-CAA0-72E7C5409520</sourceEntity>
<targetCardinalityString>*</targetCardinalityString>
<targetEntity>4E3132CF-2CA9-21A3-97A3-774732742ABB</targetEntity>
<transferable>true</transferable>
</Relation>