<?xml version = '1.0' encoding = 'UTF-8'?>
<Diagram class="oracle.dbtools.crest.swingui.relational.DPVRelational" name="Relational_1" id="B7984ECC-0644-D477-4C56-FDCD87F437DF">
<createdBy>felix</createdBy>
<modifiedBy>felix</modifiedBy>
<createdTime>2025-09-08 17:11:38 UTC</createdTime>
<autoRoute>false</autoRoute>
<boxInbox>true</boxInbox>
<showLegend>false</showLegend>
<showLabels>false</showLabels>
<showRelAttributes>false</showRelAttributes>
<gridEnabled>true</gridEnabled>
<showGrid>true</showGrid>
<diagramColor>-1</diagramColor>
<display>false</display>
<notation>1</notation>
<objectViews>
<OView class="oracle.dbtools.crest.swingui.relational.TVTable" oid="00822426-EEF9-2B04-1C03-92235F0A4ECE" otype="Table" vid="CD5A8E89-CC5B-0453-DCA0-0B433CA5F1AF">
<hideElementsInCurrentOnly>false</hideElementsInCurrentOnly>
<bounds x="1110" y="60" width="231" height="121"/>
</OView>
<OView class="oracle.dbtools.crest.swingui.relational.TVTable" oid="13397E3F-CBED-515F-FD66-6EBA393640B2" otype="Table" vid="B4E05609-5CCD-4045-864B-49C53A97F8CC">
<hideElementsInCurrentOnly>false</hideElementsInCurrentOnly>
<bounds x="100" y="60" width="274" height="133"/>
</OView>
<OView class="oracle.dbtools.crest.swingui.relational.TVTable" oid="29DE4091-618D-19F8-9744-A17DA5FA3B4D" otype="Table" vid="23124D8C-746E-F30D-615F-6AB842F1993F">
<hideElementsInCurrentOnly>false</hideElementsInCurrentOnly>
<bounds x="600" y="390" width="421" height="201"/>
</OView>
<OView class="oracle.dbtools.crest.swingui.relational.TVTable" oid="2BBAD9F6-25CA-55B7-B2C7-EC65EF0C7C18" otype="Table" vid="9BE73598-EDBF-33DA-E390-DE706743D808">
<hideElementsInCurrentOnly>false</hideElementsInCurrentOnly>
<bounds x="800" y="60" width="221" height="101"/>
</OView>
<OView class="oracle.dbtools.crest.swingui.relational.TVTable" oid="68925C58-B217-6B04-27E8-A2A174F636D4" otype="Table" vid="D88CFB43-DF8E-77C5-5293-52BBF76EB3F9">
<hideElementsInCurrentOnly>false</hideElementsInCurrentOnly>
<bounds x="100" y="220" width="225" height="83"/>
</OView>
<OView class="oracle.dbtools.crest.swingui.relational.TVTable" oid="7E0C2A7F-C294-EB48-3B1F-0858F8A10580" otype="Table" vid="E6BD59AB-FB04-7542-D24F-846B3E775624">
<hideElementsInCurrentOnly>false</hideElementsInCurrentOnly>
<bounds x="100" y="700" width="231" height="81"/>
</OView>
<OView class="oracle.dbtools.crest.swingui.relational.TVTable" oid="9135FB5D-F9EC-1561-8198-CC6BE904C55D" otype="Table" vid="43D5A03D-3E1E-4249-EE62-45FA7AF272A3">
<hideElementsInCurrentOnly>false</hideElementsInCurrentOnly>
<bounds x="100" y="380" width="291" height="151"/>
</OView>
<OView class="oracle.dbtools.crest.swingui.relational.TVTable" oid="943CBAC9-7C1A-6CDE-A46B-34FF72CF0FC0" otype="Table" vid="132B8702-A80A-1E6B-41F4-6D61EB270260">
<hideElementsInCurrentOnly>false</hideElementsInCurrentOnly>
<bounds x="100" y="580" width="230" height="81"/>
</OView>
<OView class="oracle.dbtools.crest.swingui.relational.TVTable" oid="DE4AD86E-6187-89E1-0556-C7858470FD44" otype="Table" vid="BA211C9F-C034-806F-5C40-1B5FD1CA16C9">
<hideElementsInCurrentOnly>false</hideElementsInCurrentOnly>
<bounds x="1090" y="390" width="281" height="221"/>
</OView>
<OView class="oracle.dbtools.crest.swingui.relational.TVTable" oid="E8E04C87-60B3-60D1-6878-B4389215551A" otype="Table" vid="624E731D-936B-17C3-7289-7268C31AFE63">
<hideElementsInCurrentOnly>false</hideElementsInCurrentOnly>
<bounds x="390" y="610" width="411" height="131"/>
</OView>
<OView class="oracle.dbtools.crest.swingui.relational.TVTable" oid="FA3DC5EF-A15E-06E8-22F2-E90C45BAD5F9" otype="Table" vid="88D09113-86EA-ACC4-6E66-96765F85AECA">
<hideElementsInCurrentOnly>false</hideElementsInCurrentOnly>
<bounds x="430" y="60" width="291" height="251"/>
</OView>
</objectViews>
<connectors>
<Connector class="oracle.dbtools.crest.swingui.relational.TVFKRelation" oid="1AEB1804-43DA-E6B6-6AF3-5445F3C89799" otype="FKIndexAssociation" vid_source="88D09113-86EA-ACC4-6E66-96765F85AECA" vid_target="B4E05609-5CCD-4045-864B-49C53A97F8CC">
<hideElementsInCurrentOnly>false</hideElementsInCurrentOnly>
<backgroundColor>-16777216</backgroundColor>
<lineWidth>1</lineWidth>
<points>
<point x="430" y="126"/>
<point x="374" y="126"/>
</points>
</Connector>
<Connector class="oracle.dbtools.crest.swingui.relational.TVFKRelation" oid="31694230-0AF9-F85B-7C68-CC1362943FF5" otype="FKIndexAssociation" vid_source="88D09113-86EA-ACC4-6E66-96765F85AECA" vid_target="23124D8C-746E-F30D-615F-6AB842F1993F">
<hideElementsInCurrentOnly>false</hideElementsInCurrentOnly>
<backgroundColor>-16777216</backgroundColor>
<lineWidth>1</lineWidth>
<points>
<point x="660" y="311"/>
<point x="660" y="390"/>
</points>
</Connector>
<Connector class="oracle.dbtools.crest.swingui.relational.TVFKRelation" oid="3A537D72-BFCE-012F-0CAD-4D6D425E7334" otype="FKIndexAssociation" vid_source="BA211C9F-C034-806F-5C40-1B5FD1CA16C9" vid_target="23124D8C-746E-F30D-615F-6AB842F1993F">
<hideElementsInCurrentOnly>false</hideElementsInCurrentOnly>
<backgroundColor>-16777216</backgroundColor>
<lineWidth>1</lineWidth>
<points>
<point x="1090" y="490"/>
<point x="1021" y="490"/>
</points>
</Connector>
<Connector class="oracle.dbtools.crest.swingui.relational.TVFKRelation" oid="5018B6BF-A352-3A19-1AD5-E5DD94E43C48" otype="FKIndexAssociation" vid_source="88D09113-86EA-ACC4-6E66-96765F85AECA" vid_target="43D5A03D-3E1E-4249-EE62-45FA7AF272A3">
<hideElementsInCurrentOnly>false</hideElementsInCurrentOnly>
<backgroundColor>-16777216</backgroundColor>
<lineWidth>1</lineWidth>
<points>
<point x="430" y="304"/>
<point x="337" y="380"/>
</points>
</Connector>
<Connector class="oracle.dbtools.crest.swingui.relational.TVFKRelation" oid="51A2C51C-93D6-45A9-176E-717F2004EE02" otype="FKIndexAssociation" vid_source="CD5A8E89-CC5B-0453-DCA0-0B433CA5F1AF" vid_target="BA211C9F-C034-806F-5C40-1B5FD1CA16C9">
<hideElementsInCurrentOnly>false</hideElementsInCurrentOnly>
<backgroundColor>-16777216</backgroundColor>
<lineWidth>1</lineWidth>
<points>
<point x="1225" y="181"/>
<point x="1225" y="390"/>
</points>
</Connector>
<Connector class="oracle.dbtools.crest.swingui.relational.TVFKRelation" oid="65455C55-7198-4D8A-6FF4-7EFEF49800A0" otype="FKIndexAssociation" vid_source="E6BD59AB-FB04-7542-D24F-846B3E775624" vid_target="624E731D-936B-17C3-7289-7268C31AFE63">
<hideElementsInCurrentOnly>false</hideElementsInCurrentOnly>
<backgroundColor>-16777216</backgroundColor>
<lineWidth>1</lineWidth>
<points>
<point x="331" y="720"/>
<point x="390" y="720"/>
</points>
</Connector>
<Connector class="oracle.dbtools.crest.swingui.relational.TVFKRelation" oid="9606015A-A4BB-C442-EC55-08A63823386C" otype="FKIndexAssociation" vid_source="88D09113-86EA-ACC4-6E66-96765F85AECA" vid_target="624E731D-936B-17C3-7289-7268C31AFE63">
<hideElementsInCurrentOnly>false</hideElementsInCurrentOnly>
<backgroundColor>-16777216</backgroundColor>
<lineWidth>1</lineWidth>
<points>
<point x="575" y="311"/>
<point x="575" y="610"/>
</points>
</Connector>
<Connector class="oracle.dbtools.crest.swingui.relational.TVFKRelation" oid="9A5F50A7-3B44-5343-214F-662031868A5C" otype="FKIndexAssociation" vid_source="9BE73598-EDBF-33DA-E390-DE706743D808" vid_target="88D09113-86EA-ACC4-6E66-96765F85AECA">
<hideElementsInCurrentOnly>false</hideElementsInCurrentOnly>
<backgroundColor>-16777216</backgroundColor>
<lineWidth>1</lineWidth>
<points>
<point x="800" y="110"/>
<point x="721" y="110"/>
</points>
</Connector>
<Connector class="oracle.dbtools.crest.swingui.relational.TVFKRelation" oid="AE6983F8-C84B-36C1-052B-BE470ACB6C96" otype="FKIndexAssociation" vid_source="9BE73598-EDBF-33DA-E390-DE706743D808" vid_target="CD5A8E89-CC5B-0453-DCA0-0B433CA5F1AF">
<hideElementsInCurrentOnly>false</hideElementsInCurrentOnly>
<backgroundColor>-16777216</backgroundColor>
<lineWidth>1</lineWidth>
<points>
<point x="1021" y="110"/>
<point x="1110" y="110"/>
</points>
</Connector>
<Connector class="oracle.dbtools.crest.swingui.relational.TVFKRelation" oid="C8CEF5BE-F455-02C4-C8E7-6464D2DD21AD" otype="FKIndexAssociation" vid_source="132B8702-A80A-1E6B-41F4-6D61EB270260" vid_target="43D5A03D-3E1E-4249-EE62-45FA7AF272A3">
<hideElementsInCurrentOnly>false</hideElementsInCurrentOnly>
<backgroundColor>-16777216</backgroundColor>
<lineWidth>1</lineWidth>
<points>
<point x="215" y="580"/>
<point x="215" y="531"/>
</points>
</Connector>
<Connector class="oracle.dbtools.crest.swingui.relational.TVFKRelation" oid="E780FF2A-B7E8-3246-86B4-B4AA4DCC31A3" otype="FKIndexAssociation" vid_source="D88CFB43-DF8E-77C5-5293-52BBF76EB3F9" vid_target="B4E05609-5CCD-4045-864B-49C53A97F8CC">
<hideElementsInCurrentOnly>false</hideElementsInCurrentOnly>
<backgroundColor>-16777216</backgroundColor>
<lineWidth>1</lineWidth>
<points>
<point x="212" y="220"/>
<point x="212" y="193"/>
</points>
</Connector>
<Connector class="oracle.dbtools.crest.swingui.relational.TVFKRelation" oid="F0A2219F-A451-AD12-7524-74FD01CEE0B3" otype="FKIndexAssociation" vid_source="9BE73598-EDBF-33DA-E390-DE706743D808" vid_target="BA211C9F-C034-806F-5C40-1B5FD1CA16C9">
<hideElementsInCurrentOnly>false</hideElementsInCurrentOnly>
<backgroundColor>-16777216</backgroundColor>
<lineWidth>1</lineWidth>
<points>
<point x="951" y="161"/>
<point x="1139" y="390"/>
</points>
</Connector>
</connectors>
</Diagram>