<?xml version = '1.0' encoding = 'UTF-8'?>
<Entity class="oracle.dbtools.crest.model.design.logical.Entity" directorySegmentName="seg_0" id="3EF4389A-A07A-8C6A-43E3-81BC4FF395FB" name="SOLICITUD_EXAMEN">
<createdBy>felix</createdBy>
<createdTime>2025-09-15 22:12:32 UTC</createdTime>
<ownerDesignName>MER_Gestión_Médica_Laboratorio</ownerDesignName>
<engineerTo>
<item key="A81F3144-AFF9-F54B-5382-78811DA52A37" value="true"/>
</engineerTo>
<adequatelyNormalized>NO</adequatelyNormalized>
<expectedVolumes>0</expectedVolumes>
<fwdEngineeringStrategyName>Single Table</fwdEngineeringStrategyName>
<growthPercent>0</growthPercent>
<growthType>Year</growthType>
<maxVolumes>9999999</maxVolumes>
<minVolumes>0</minVolumes>
<normalForm>Third</normalForm>
<attributes itemClass="oracle.dbtools.crest.model.design.logical.Attribute">
<Attribute name="id_solicitud" id="5A411EC9-2914-0DC7-587E-2EA46B216A40">
<createdBy>felix</createdBy>
<createdTime>2025-09-15 22:12:44 UTC</createdTime>
<ownerDesignName>MER_Gestión_Médica_Laboratorio</ownerDesignName>
<engineerTo>
<item key="A81F3144-AFF9-F54B-5382-78811DA52A37" value="true"/>
</engineerTo>
<useDomainConstraints>false</useDomainConstraints>
<use>1</use>
<logicalDatatype>LOGDT019</logicalDatatype>
<dataTypePrecision>12</dataTypePrecision>
<ownDataTypeParameters>,12,</ownDataTypeParameters>
</Attribute>
<Attribute name="fecha_solicitud" id="143DCEB5-A139-ADFD-DA76-58FE2A16517B">
<createdBy>felix</createdBy>
<createdTime>2025-09-15 22:12:58 UTC</createdTime>
<ownerDesignName>MER_Gestión_Médica_Laboratorio</ownerDesignName>
<engineerTo>
<item key="A81F3144-AFF9-F54B-5382-78811DA52A37" value="true"/>
</engineerTo>
<useDomainConstraints>false</useDomainConstraints>
<use>1</use>
<logicalDatatype>LOGDT007</logicalDatatype>
<ownDataTypeParameters>,,</ownDataTypeParameters>
</Attribute>
<Attribute name="estado" id="5CEAEEC8-D473-9A4A-7C5D-56D5A8B29FDC">
<createdBy>felix</createdBy>
<createdTime>2025-09-15 22:13:19 UTC</createdTime>
<ownerDesignName>MER_Gestión_Médica_Laboratorio</ownerDesignName>
<engineerTo>
<item key="A81F3144-AFF9-F54B-5382-78811DA52A37" value="true"/>
</engineerTo>
<useDomainConstraints>false</useDomainConstraints>
<use>1</use>
<logicalDatatype>LOGDT024</logicalDatatype>
<dataTypeSize>20</dataTypeSize>
<ownDataTypeParameters>20,,</ownDataTypeParameters>
</Attribute>
<Attribute name="indicaciones" id="594E1F47-85BD-9446-CA4A-1121BA153A16">
<createdBy>felix</createdBy>
<createdTime>2025-09-15 22:21:49 UTC</createdTime>
<ownerDesignName>MER_Gestión_Médica_Laboratorio</ownerDesignName>
<engineerTo>
<item key="A81F3144-AFF9-F54B-5382-78811DA52A37" value="true"/>
</engineerTo>
<useDomainConstraints>false</useDomainConstraints>
<use>1</use>
<logicalDatatype>LOGDT024</logicalDatatype>
<dataTypeSize>250</dataTypeSize>
<ownDataTypeParameters>250,,</ownDataTypeParameters>
</Attribute>
<Attribute name="id_atencion" id="2B81AF6E-D828-2AA7-D51C-218ACA570C01">
<createdBy>felix</createdBy>
<createdTime>2025-09-15 22:38:35 UTC</createdTime>
<generatorID>E6967AC4-E2D1-AC65-56ED-699E91890F97</generatorID>
<ownerDesignName>MER_Gestión_Médica_Laboratorio</ownerDesignName>
<engineerTo>
<item key="A81F3144-AFF9-F54B-5382-78811DA52A37" value="true"/>
</engineerTo>
<referedAttribute>B52EA29F-C315-B9DC-BEEA-89809D19877D</referedAttribute>
<useDomainConstraints>false</useDomainConstraints>
<use>1</use>
<logicalDatatype>LOGDT019</logicalDatatype>
<dataTypePrecision>12</dataTypePrecision>
<ownDataTypeParameters>,,</ownDataTypeParameters>
</Attribute>
<Attribute name="id_examen" id="F6C236E5-6A1D-36A1-7F73-00553129C081">
<createdBy>felix</createdBy>
<createdTime>2025-09-15 22:43:08 UTC</createdTime>
<generatorID>D1CF9167-8847-3888-7BA7-BD53F084DDD0</generatorID>
<ownerDesignName>MER_Gestión_Médica_Laboratorio</ownerDesignName>
<engineerTo>
<item key="A81F3144-AFF9-F54B-5382-78811DA52A37" value="true"/>
</engineerTo>
<referedAttribute>4BF46A3B-8FCF-365D-5A05-157EA9920D4E</referedAttribute>
<useDomainConstraints>false</useDomainConstraints>
<use>1</use>
<logicalDatatype>LOGDT019</logicalDatatype>
<dataTypePrecision>8</dataTypePrecision>
<ownDataTypeParameters>,,</ownDataTypeParameters>
</Attribute>
<Attribute name="id_persona" id="627F1403-F355-72A0-9B6F-C2C5DCB8642C">
<createdBy>felix</createdBy>
<createdTime>2025-09-16 01:42:11 UTC</createdTime>
<generatorID>7C8F4F37-D6CB-C679-FF5A-0E55E4565004</generatorID>
<ownerDesignName>MER_Gestión_Médica_Laboratorio</ownerDesignName>
<engineerTo>
<item key="A81F3144-AFF9-F54B-5382-78811DA52A37" value="true"/>
</engineerTo>
<referedAttribute>B0B21E0A-B549-2CEA-EF6F-312817420AD1</referedAttribute>
<useDomainConstraints>false</useDomainConstraints>
<use>1</use>
<logicalDatatype>LOGDT019</logicalDatatype>
<dataTypePrecision>10</dataTypePrecision>
<ownDataTypeParameters>,,</ownDataTypeParameters>
</Attribute>
</attributes>
<identifiers itemClass="oracle.dbtools.crest.model.design.logical.CandidateKey">
<identifier id="0AB0A34E-9E5A-75D1-5855-148EAFBA6840" name="SOLICITUD_EXAMEN PK">
<createdBy>felix</createdBy>
<createdTime>2025-09-15 22:12:53 UTC</createdTime>
<ownerDesignName>MER_Gestión_Médica_Laboratorio</ownerDesignName>
<engineerTo>
<item key="A81F3144-AFF9-F54B-5382-78811DA52A37" value="true"/>
</engineerTo>
<pk>true</pk>
<usedAttributes>
<attributeRef>5A411EC9-2914-0DC7-587E-2EA46B216A40</attributeRef>
</usedAttributes>
</identifier>
</identifiers>
</Entity>