<?xml version = '1.0' encoding = 'UTF-8'?>
<Entity class="oracle.dbtools.crest.model.design.logical.Entity" directorySegmentName="seg_0" id="4396151B-C67D-93DB-A33B-8219DF3256D3" name="AFP">
<createdBy>felix</createdBy>
<createdTime>2025-09-15 21:38:50 UTC</createdTime>
<ownerDesignName>MER_Gestión_Médica_Laboratorio</ownerDesignName>
<engineerTo>
<item key="A81F3144-AFF9-F54B-5382-78811DA52A37" value="true"/>
</engineerTo>
<adequatelyNormalized>NO</adequatelyNormalized>
<expectedVolumes>0</expectedVolumes>
<fwdEngineeringStrategyName>Single Table</fwdEngineeringStrategyName>
<growthPercent>0</growthPercent>
<growthType>Year</growthType>
<maxVolumes>9999999</maxVolumes>
<minVolumes>0</minVolumes>
<normalForm>Third</normalForm>
<attributes itemClass="oracle.dbtools.crest.model.design.logical.Attribute">
<Attribute name="id_afp" id="EE601032-BE3E-53EF-0C37-06553C24F62F">
<createdBy>felix</createdBy>
<createdTime>2025-09-15 21:38:59 UTC</createdTime>
<ownerDesignName>MER_Gestión_Médica_Laboratorio</ownerDesignName>
<engineerTo>
<item key="A81F3144-AFF9-F54B-5382-78811DA52A37" value="true"/>
</engineerTo>
<useDomainConstraints>false</useDomainConstraints>
<use>1</use>
<logicalDatatype>LOGDT019</logicalDatatype>
<dataTypePrecision>6</dataTypePrecision>
<ownDataTypeParameters>,6,</ownDataTypeParameters>
</Attribute>
<Attribute name="codigo_afp" id="0FEB24F5-8391-101D-F94A-C14578A8286A">
<createdBy>felix</createdBy>
<createdTime>2025-09-15 21:39:23 UTC</createdTime>
<ownerDesignName>MER_Gestión_Médica_Laboratorio</ownerDesignName>
<engineerTo>
<item key="A81F3144-AFF9-F54B-5382-78811DA52A37" value="true"/>
</engineerTo>
<useDomainConstraints>false</useDomainConstraints>
<use>1</use>
<logicalDatatype>LOGDT024</logicalDatatype>
<dataTypeSize>20</dataTypeSize>
<ownDataTypeParameters>20,,</ownDataTypeParameters>
</Attribute>
<Attribute name="nombre_afp" id="C512E83C-89B5-2A6A-C6F9-0433AF323EF6">
<createdBy>felix</createdBy>
<createdTime>2025-09-15 21:39:47 UTC</createdTime>
<ownerDesignName>MER_Gestión_Médica_Laboratorio</ownerDesignName>
<engineerTo>
<item key="A81F3144-AFF9-F54B-5382-78811DA52A37" value="true"/>
</engineerTo>
<useDomainConstraints>false</useDomainConstraints>
<use>1</use>
<logicalDatatype>LOGDT024</logicalDatatype>
<dataTypeSize>120</dataTypeSize>
<ownDataTypeParameters>120,,</ownDataTypeParameters>
</Attribute>
</attributes>
<identifiers itemClass="oracle.dbtools.crest.model.design.logical.CandidateKey">
<identifier id="B77A708A-A2DA-E984-C277-26A5AA8E0627" name="AFP PK">
<createdBy>felix</createdBy>
<createdTime>2025-09-15 21:39:20 UTC</createdTime>
<ownerDesignName>MER_Gestión_Médica_Laboratorio</ownerDesignName>
<engineerTo>
<item key="A81F3144-AFF9-F54B-5382-78811DA52A37" value="true"/>
</engineerTo>
<pk>true</pk>
<usedAttributes>
<attributeRef>EE601032-BE3E-53EF-0C37-06553C24F62F</attributeRef>
</usedAttributes>
</identifier>
</identifiers>
</Entity>