<?xml version = '1.0' encoding = 'UTF-8'?>
<Entity class="oracle.dbtools.crest.model.design.logical.Entity" directorySegmentName="seg_0" id="88491DC8-83F0-2537-3F5A-8FB538EC51E1" name="PACIENTE">
<createdBy>felix</createdBy>
<createdTime>2025-09-16 01:08:15 UTC</createdTime>
<ownerDesignName>MER_Gestión_Médica_Laboratorio</ownerDesignName>
<engineerTo>
<item key="A81F3144-AFF9-F54B-5382-78811DA52A37" value="true"/>
</engineerTo>
<adequatelyNormalized>NO</adequatelyNormalized>
<expectedVolumes>0</expectedVolumes>
<fwdEngineeringStrategyName>Single Table</fwdEngineeringStrategyName>
<growthPercent>0</growthPercent>
<growthType>Year</growthType>
<hierarchicalParent>BC5B6EEA-AA0D-7C0A-DD9F-31912AB0259A</hierarchicalParent>
<maxVolumes>9999999</maxVolumes>
<minVolumes>0</minVolumes>
<normalForm>Third</normalForm>
<attributes itemClass="oracle.dbtools.crest.model.design.logical.Attribute">
<Attribute name="tipo_usuario" id="551966B7-3941-7362-7AAA-1CFFE43EB7E6">
<createdBy>felix</createdBy>
<createdTime>2025-09-16 01:08:32 UTC</createdTime>
<commentInRDBMS><![CDATA['estudiante','funcionario','externo']]></commentInRDBMS>
<ownerDesignName>MER_Gestión_Médica_Laboratorio</ownerDesignName>
<engineerTo>
<item key="A81F3144-AFF9-F54B-5382-78811DA52A37" value="true"/>
</engineerTo>
<useDomainConstraints>false</useDomainConstraints>
<use>1</use>
<logicalDatatype>LOGDT024</logicalDatatype>
<dataTypeSize>20</dataTypeSize>
<ownDataTypeParameters>20,,</ownDataTypeParameters>
</Attribute>
<Attribute name="id_comuna" id="40CCCAAE-2334-DC7B-6B3E-14E89AA1F235">
<createdBy>felix</createdBy>
<createdTime>2025-09-16 01:13:58 UTC</createdTime>
<generatorID>9991B157-B9E4-1FF2-9899-D51008072FA8</generatorID>
<ownerDesignName>MER_Gestión_Médica_Laboratorio</ownerDesignName>
<engineerTo>
<item key="A81F3144-AFF9-F54B-5382-78811DA52A37" value="true"/>
</engineerTo>
<referedAttribute>1C8BEB34-8CA2-7878-9A5E-EEB12EB073C0</referedAttribute>
<useDomainConstraints>false</useDomainConstraints>
<use>1</use>
<logicalDatatype>LOGDT019</logicalDatatype>
<dataTypePrecision>6</dataTypePrecision>
<ownDataTypeParameters>,,</ownDataTypeParameters>
</Attribute>
<Attribute name="id_especialidad" id="BF7C3ED5-4894-746E-7717-FB6F87462A96">
<createdBy>felix</createdBy>
<createdTime>2025-09-16 01:22:40 UTC</createdTime>
<generatorID>F9E90FC4-A737-8E6D-64F3-4F9E1A1E0D99</generatorID>
<ownerDesignName>MER_Gestión_Médica_Laboratorio</ownerDesignName>
<engineerTo>
<item key="A81F3144-AFF9-F54B-5382-78811DA52A37" value="true"/>
</engineerTo>
<referedAttribute>59DA54AC-A887-7AD0-9B30-0B5F14D97667</referedAttribute>
<useDomainConstraints>false</useDomainConstraints>
<use>1</use>
<logicalDatatype>LOGDT019</logicalDatatype>
<dataTypePrecision>6</dataTypePrecision>
<ownDataTypeParameters>,,</ownDataTypeParameters>
</Attribute>
<Attribute name="id_unidad" id="A38B3BDB-F559-B927-7FF9-D44632B01FCC">
<createdBy>felix</createdBy>
<createdTime>2025-09-16 01:23:27 UTC</createdTime>
<generatorID>7DFCA760-06BA-3368-7CCB-3CF4ED9BFE79</generatorID>
<ownerDesignName>MER_Gestión_Médica_Laboratorio</ownerDesignName>
<engineerTo>
<item key="A81F3144-AFF9-F54B-5382-78811DA52A37" value="true"/>
</engineerTo>
<referedAttribute>B50F5D62-E574-C0EB-4B98-DABBA20CE453</referedAttribute>
<useDomainConstraints>false</useDomainConstraints>
<use>1</use>
<logicalDatatype>LOGDT019</logicalDatatype>
<dataTypePrecision>8</dataTypePrecision>
<ownDataTypeParameters>,,</ownDataTypeParameters>
</Attribute>
<Attribute name="id_afp" id="E77147C5-1B44-961F-454A-64AE346AE5FA">
<createdBy>felix</createdBy>
<createdTime>2025-09-16 01:32:57 UTC</createdTime>
<generatorID>8D6B236B-3D29-27D3-D34A-13394035E035</generatorID>
<ownerDesignName>MER_Gestión_Médica_Laboratorio</ownerDesignName>
<engineerTo>
<item key="A81F3144-AFF9-F54B-5382-78811DA52A37" value="true"/>
</engineerTo>
<nullsAllowed>true</nullsAllowed>
<referedAttribute>EE601032-BE3E-53EF-0C37-06553C24F62F</referedAttribute>
<useDomainConstraints>false</useDomainConstraints>
<use>1</use>
<logicalDatatype>LOGDT019</logicalDatatype>
<dataTypePrecision>6</dataTypePrecision>
<ownDataTypeParameters>,,</ownDataTypeParameters>
</Attribute>
<Attribute name="id_solicitud" id="94EC162D-D5CE-D726-A3C0-6DE75857676E">
<createdBy>felix</createdBy>
<createdTime>2025-09-16 01:42:41 UTC</createdTime>
<generatorID>010DB45D-8147-4595-0FED-A97A41EFACC9</generatorID>
<ownerDesignName>MER_Gestión_Médica_Laboratorio</ownerDesignName>
<engineerTo>
<item key="A81F3144-AFF9-F54B-5382-78811DA52A37" value="true"/>
</engineerTo>
<referedAttribute>5A411EC9-2914-0DC7-587E-2EA46B216A40</referedAttribute>
<useDomainConstraints>false</useDomainConstraints>
<use>1</use>
<logicalDatatype>LOGDT019</logicalDatatype>
<dataTypePrecision>12</dataTypePrecision>
<ownDataTypeParameters>,,</ownDataTypeParameters>
</Attribute>
</attributes>
</Entity>