<?xml version = '1.0' encoding = 'UTF-8'?>
<Entity class="oracle.dbtools.crest.model.design.logical.Entity" directorySegmentName="seg_0" id="BC5B6EEA-AA0D-7C0A-DD9F-31912AB0259A" name="PERSONA">
<createdBy>felix</createdBy>
<createdTime>2025-09-16 01:01:28 UTC</createdTime>
<ownerDesignName>MER_Gestión_Médica_Laboratorio</ownerDesignName>
<engineerTo>
<item key="A81F3144-AFF9-F54B-5382-78811DA52A37" value="true"/>
</engineerTo>
<adequatelyNormalized>NO</adequatelyNormalized>
<expectedVolumes>0</expectedVolumes>
<fwdEngineeringStrategyName>Single Table</fwdEngineeringStrategyName>
<growthPercent>0</growthPercent>
<growthType>Year</growthType>
<maxVolumes>9999999</maxVolumes>
<minVolumes>0</minVolumes>
<normalForm>Third</normalForm>
<attributeInherType>All atributes</attributeInherType>
<propertyMap>
<property name="CHK_PERSONA_SEXO" value="sexo IN (&apos;M&apos;,&apos;F&apos;,&apos;O&apos;)"/>
</propertyMap>
<attributes itemClass="oracle.dbtools.crest.model.design.logical.Attribute">
<Attribute name="id_persona" id="B0B21E0A-B549-2CEA-EF6F-312817420AD1">
<createdBy>felix</createdBy>
<createdTime>2025-09-16 01:02:01 UTC</createdTime>
<ownerDesignName>MER_Gestión_Médica_Laboratorio</ownerDesignName>
<engineerTo>
<item key="A81F3144-AFF9-F54B-5382-78811DA52A37" value="true"/>
</engineerTo>
<useDomainConstraints>false</useDomainConstraints>
<use>1</use>
<logicalDatatype>LOGDT019</logicalDatatype>
<dataTypePrecision>10</dataTypePrecision>
<ownDataTypeParameters>,10,</ownDataTypeParameters>
</Attribute>
<Attribute name="rut" id="F9FE9CAA-BB77-C8EF-FCAE-2394D18DD173">
<createdBy>felix</createdBy>
<createdTime>2025-09-16 01:02:22 UTC</createdTime>
<ownerDesignName>MER_Gestión_Médica_Laboratorio</ownerDesignName>
<engineerTo>
<item key="A81F3144-AFF9-F54B-5382-78811DA52A37" value="true"/>
</engineerTo>
<useDomainConstraints>false</useDomainConstraints>
<use>1</use>
<logicalDatatype>LOGDT024</logicalDatatype>
<dataTypeSize>12</dataTypeSize>
<ownDataTypeParameters>12,,</ownDataTypeParameters>
</Attribute>
<Attribute name="dv" id="6D4C45CF-592D-C77B-7D8D-F6D4BC079779">
<createdBy>felix</createdBy>
<createdTime>2025-09-16 01:02:40 UTC</createdTime>
<ownerDesignName>MER_Gestión_Médica_Laboratorio</ownerDesignName>
<engineerTo>
<item key="A81F3144-AFF9-F54B-5382-78811DA52A37" value="true"/>
</engineerTo>
<useDomainConstraints>false</useDomainConstraints>
<use>1</use>
<logicalDatatype>LOGDT024</logicalDatatype>
<dataTypeSize>1</dataTypeSize>
<ownDataTypeParameters>1,,</ownDataTypeParameters>
</Attribute>
<Attribute name="nombre_completo" id="EEE9E4CB-3FFB-A18B-88EB-C934CFD85A88">
<createdBy>felix</createdBy>
<createdTime>2025-09-16 01:02:45 UTC</createdTime>
<ownerDesignName>MER_Gestión_Médica_Laboratorio</ownerDesignName>
<engineerTo>
<item key="A81F3144-AFF9-F54B-5382-78811DA52A37" value="true"/>
</engineerTo>
<useDomainConstraints>false</useDomainConstraints>
<use>1</use>
<logicalDatatype>LOGDT024</logicalDatatype>
<dataTypeSize>150</dataTypeSize>
<ownDataTypeParameters>150,,</ownDataTypeParameters>
</Attribute>
<Attribute name="sexo" id="9B1F6D76-A401-147A-0A1C-5B41D78673FB">
<createdBy>felix</createdBy>
<createdTime>2025-09-16 01:03:03 UTC</createdTime>
<ownerDesignName>MER_Gestión_Médica_Laboratorio</ownerDesignName>
<engineerTo>
<item key="A81F3144-AFF9-F54B-5382-78811DA52A37" value="true"/>
</engineerTo>
<constraintName>CHK_PERSONA_SEXO</constraintName>
<useDomainConstraints>false</useDomainConstraints>
<use>1</use>
<logicalDatatype>LOGDT025</logicalDatatype>
<dataTypeSize>1 CHAR</dataTypeSize>
<defaultValue>sexo IN (&apos;M&apos;,&apos;F&apos;,&apos;O&apos;)</defaultValue>
<ownDataTypeParameters>1 CHAR,,</ownDataTypeParameters>
<propertyMap>
<property name="CHK_PERSONA_SEXO" value="sexo IN (&apos;M&apos;,&apos;F&apos;,&apos;O&apos;)"/>
</propertyMap>
</Attribute>
<Attribute name="fecha_nacimiento" id="7B68FB67-E4D7-DEC4-BB1E-8C409971235E">
<createdBy>felix</createdBy>
<createdTime>2025-09-16 01:06:33 UTC</createdTime>
<ownerDesignName>MER_Gestión_Médica_Laboratorio</ownerDesignName>
<engineerTo>
<item key="A81F3144-AFF9-F54B-5382-78811DA52A37" value="true"/>
</engineerTo>
<useDomainConstraints>false</useDomainConstraints>
<use>1</use>
<logicalDatatype>LOGDT007</logicalDatatype>
<ownDataTypeParameters>,,</ownDataTypeParameters>
</Attribute>
<Attribute name="direccion" id="CD701430-4038-9528-9A16-F6C48018CA17">
<createdBy>felix</createdBy>
<createdTime>2025-09-16 01:06:46 UTC</createdTime>
<ownerDesignName>MER_Gestión_Médica_Laboratorio</ownerDesignName>
<engineerTo>
<item key="A81F3144-AFF9-F54B-5382-78811DA52A37" value="true"/>
</engineerTo>
<useDomainConstraints>false</useDomainConstraints>
<use>1</use>
<logicalDatatype>LOGDT024</logicalDatatype>
<dataTypeSize>200</dataTypeSize>
<ownDataTypeParameters>200,,</ownDataTypeParameters>
</Attribute>
<Attribute name="telefono" id="98D0432F-F344-CDD1-3223-3314A17CAE13">
<createdBy>felix</createdBy>
<createdTime>2025-09-16 01:06:52 UTC</createdTime>
<ownerDesignName>MER_Gestión_Médica_Laboratorio</ownerDesignName>
<engineerTo>
<item key="A81F3144-AFF9-F54B-5382-78811DA52A37" value="true"/>
</engineerTo>
<useDomainConstraints>false</useDomainConstraints>
<use>1</use>
<logicalDatatype>LOGDT024</logicalDatatype>
<dataTypeSize>20</dataTypeSize>
<ownDataTypeParameters>20,,</ownDataTypeParameters>
</Attribute>
</attributes>
<identifiers itemClass="oracle.dbtools.crest.model.design.logical.CandidateKey">
<identifier id="20478FD3-221F-0F68-EA10-951B7A57CF98" name="PERSONA PK">
<createdBy>felix</createdBy>
<createdTime>2025-09-16 01:02:20 UTC</createdTime>
<ownerDesignName>MER_Gestión_Médica_Laboratorio</ownerDesignName>
<engineerTo>
<item key="A81F3144-AFF9-F54B-5382-78811DA52A37" value="true"/>
</engineerTo>
<pk>true</pk>
<usedAttributes>
<attributeRef>B0B21E0A-B549-2CEA-EF6F-312817420AD1</attributeRef>
</usedAttributes>
</identifier>
</identifiers>
</Entity>