<?xml version = '1.0' encoding = 'UTF-8'?>
<Entity class="oracle.dbtools.crest.model.design.logical.Entity" directorySegmentName="seg_0" id="D0DAAEB4-2527-9216-C32F-A0A86F25AFA5" name="UNIDAD">
<createdBy>felix</createdBy>
<createdTime>2025-09-15 21:49:16 UTC</createdTime>
<ownerDesignName>MER_Gestión_Médica_Laboratorio</ownerDesignName>
<engineerTo>
<item key="A81F3144-AFF9-F54B-5382-78811DA52A37" value="true"/>
</engineerTo>
<adequatelyNormalized>NO</adequatelyNormalized>
<expectedVolumes>0</expectedVolumes>
<fwdEngineeringStrategyName>Single Table</fwdEngineeringStrategyName>
<growthPercent>0</growthPercent>
<growthType>Year</growthType>
<maxVolumes>9999999</maxVolumes>
<minVolumes>0</minVolumes>
<normalForm>Third</normalForm>
<attributes itemClass="oracle.dbtools.crest.model.design.logical.Attribute">
<Attribute name="id_unidad" id="B50F5D62-E574-C0EB-4B98-DABBA20CE453">
<createdBy>felix</createdBy>
<createdTime>2025-09-15 21:49:43 UTC</createdTime>
<ownerDesignName>MER_Gestión_Médica_Laboratorio</ownerDesignName>
<engineerTo>
<item key="A81F3144-AFF9-F54B-5382-78811DA52A37" value="true"/>
</engineerTo>
<useDomainConstraints>false</useDomainConstraints>
<use>1</use>
<logicalDatatype>LOGDT019</logicalDatatype>
<dataTypePrecision>8</dataTypePrecision>
<ownDataTypeParameters>,8,</ownDataTypeParameters>
</Attribute>
<Attribute name="nombre_unidad" id="B46210F8-0E4B-157C-75DA-37B708C67A79">
<createdBy>felix</createdBy>
<createdTime>2025-09-15 21:50:15 UTC</createdTime>
<ownerDesignName>MER_Gestión_Médica_Laboratorio</ownerDesignName>
<engineerTo>
<item key="A81F3144-AFF9-F54B-5382-78811DA52A37" value="true"/>
</engineerTo>
<useDomainConstraints>false</useDomainConstraints>
<use>1</use>
<logicalDatatype>LOGDT024</logicalDatatype>
<dataTypeSize>80</dataTypeSize>
<ownDataTypeParameters>80,,</ownDataTypeParameters>
</Attribute>
<Attribute name="observaciones" id="E265DE3A-BD8D-0752-EAF4-ED67F0438AD7">
<createdBy>felix</createdBy>
<createdTime>2025-09-15 21:50:26 UTC</createdTime>
<ownerDesignName>MER_Gestión_Médica_Laboratorio</ownerDesignName>
<engineerTo>
<item key="A81F3144-AFF9-F54B-5382-78811DA52A37" value="true"/>
</engineerTo>
<useDomainConstraints>false</useDomainConstraints>
<use>1</use>
<logicalDatatype>LOGDT024</logicalDatatype>
<dataTypeSize>200</dataTypeSize>
<ownDataTypeParameters>200,,</ownDataTypeParameters>
</Attribute>
</attributes>
<identifiers itemClass="oracle.dbtools.crest.model.design.logical.CandidateKey">
<identifier id="E42A8019-7F49-DFC6-B686-895FCED63753" name="UNIDAD PK">
<createdBy>felix</createdBy>
<createdTime>2025-09-15 21:50:13 UTC</createdTime>
<ownerDesignName>MER_Gestión_Médica_Laboratorio</ownerDesignName>
<engineerTo>
<item key="A81F3144-AFF9-F54B-5382-78811DA52A37" value="true"/>
</engineerTo>
<pk>true</pk>
<usedAttributes>
<attributeRef>B50F5D62-E574-C0EB-4B98-DABBA20CE453</attributeRef>
</usedAttributes>
</identifier>
</identifiers>
</Entity>