<?xml version = '1.0' encoding = 'UTF-8'?>
<FKArc class="oracle.dbtools.crest.model.design.relational.FKArc" directorySegmentName="seg_0" id="A99E24E5-7392-6293-8448-9DDA2C690616" name="FKArc_1">
<createdBy>felix</createdBy>
<createdTime>2025-09-16 01:56:22 UTC</createdTime>
<ownerDesignName>MER_Gestión_Médica_Laboratorio</ownerDesignName>
<mandatory>false</mandatory>
<reverseArc>true</reverseArc>
<table>CDDA745F-B193-24E1-2599-52BA7BFA9348</table>
<fkeys>
<fkeyID>4573B007-2809-DBC3-40C4-299A5CD48023</fkeyID>
<fkeyID>D7185641-F6D4-EDEF-82B6-9C6FCF56C6BC</fkeyID>
</fkeys>
</FKArc>