<?xml version = '1.0' encoding = 'UTF-8'?>
<Table class="oracle.dbtools.crest.model.design.relational.Table" directorySegmentName="seg_0" id="43376330-9775-1A17-2698-1B71282E1A7E" name="PAGO_ATENCION">
<createdBy>felix</createdBy>
<createdTime>2025-09-16 01:56:22 UTC</createdTime>
<generatorID>6918BC44-52C4-88EB-D20A-D8C9F607AD27</generatorID>
<ownerDesignName>MER_Gestión_Médica_Laboratorio</ownerDesignName>
<allowColumnReorder>false</allowColumnReorder>
<existDependencyGenerateInDDl>true</existDependencyGenerateInDDl>
<parsed>true</parsed>
<columns itemClass="oracle.dbtools.crest.model.design.relational.Column">
<Column name="id_pago" id="163CC719-4C58-B090-EC3D-49D17A9B8393">
<createdBy>felix</createdBy>
<createdTime>2025-09-16 01:56:22 UTC</createdTime>
<generatorID>EB225114-AF4C-7DD7-AC31-8FF88588EA8C</generatorID>
<ownerDesignName>MER_Gestión_Médica_Laboratorio</ownerDesignName>
<useDomainConstraints>false</useDomainConstraints>
<use>1</use>
<logicalDatatype>LOGDT019</logicalDatatype>
<dataTypePrecision>12</dataTypePrecision>
<ownDataTypeParameters>,12,</ownDataTypeParameters>
<autoIncrementCycle>false</autoIncrementCycle>
</Column>
<Column name="fecha_pago" id="177AE570-E8A6-D95F-C7AE-121B839570FB">
<createdBy>felix</createdBy>
<createdTime>2025-09-16 01:56:22 UTC</createdTime>
<generatorID>E1B04DEC-45E1-9A7E-3DD5-DACB2986012C</generatorID>
<ownerDesignName>MER_Gestión_Médica_Laboratorio</ownerDesignName>
<useDomainConstraints>false</useDomainConstraints>
<use>1</use>
<logicalDatatype>LOGDT007</logicalDatatype>
<ownDataTypeParameters>,,</ownDataTypeParameters>
<autoIncrementCycle>false</autoIncrementCycle>
</Column>
<Column name="monto_pagado" id="3DD0632F-3F22-6DD1-07AE-AE1C2FFBDEA2">
<createdBy>felix</createdBy>
<createdTime>2025-09-16 01:56:22 UTC</createdTime>
<generatorID>9849458B-8BF5-0FF3-8BB2-F503C7CB8AFE</generatorID>
<ownerDesignName>MER_Gestión_Médica_Laboratorio</ownerDesignName>
<useDomainConstraints>false</useDomainConstraints>
<use>1</use>
<logicalDatatype>LOGDT019</logicalDatatype>
<dataTypePrecision>12</dataTypePrecision>
<ownDataTypeParameters>,12,</ownDataTypeParameters>
<autoIncrementCycle>false</autoIncrementCycle>
</Column>
<Column name="tipo_pago" id="854C2B66-02F7-60A5-1A34-DC40A37380F4">
<createdBy>felix</createdBy>
<createdTime>2025-09-16 01:56:22 UTC</createdTime>
<generatorID>E0B5B2D9-5B58-938A-28C7-AD792021F348</generatorID>
<ownerDesignName>MER_Gestión_Médica_Laboratorio</ownerDesignName>
<useDomainConstraints>false</useDomainConstraints>
<use>1</use>
<logicalDatatype>LOGDT024</logicalDatatype>
<dataTypeSize>20</dataTypeSize>
<ownDataTypeParameters>20,,</ownDataTypeParameters>
<autoIncrementCycle>false</autoIncrementCycle>
</Column>
<Column name="referencia" id="392F5449-394F-6D26-5EEF-8E16E6BDDCDF">
<createdBy>felix</createdBy>
<createdTime>2025-09-16 01:56:22 UTC</createdTime>
<generatorID>9EF98F2A-DC51-764C-6202-1A966DE18537</generatorID>
<ownerDesignName>MER_Gestión_Médica_Laboratorio</ownerDesignName>
<useDomainConstraints>false</useDomainConstraints>
<use>1</use>
<logicalDatatype>LOGDT024</logicalDatatype>
<dataTypeSize>80</dataTypeSize>
<ownDataTypeParameters>80,,</ownDataTypeParameters>
<autoIncrementCycle>false</autoIncrementCycle>
</Column>
<Column name="ATENCION_MEDICA_id_atencion" id="987DD9A1-6581-6A7F-AB98-509F610D5117">
<createdBy>felix</createdBy>
<createdTime>2025-09-16 01:56:22 UTC</createdTime>
<generatorID>752FB2C5-B3E2-2AF3-DC37-8B65B3E38AF5</generatorID>
<ownerDesignName>MER_Gestión_Médica_Laboratorio</ownerDesignName>
<useDomainConstraints>false</useDomainConstraints>
<use>1</use>
<logicalDatatype>LOGDT019</logicalDatatype>
<dataTypePrecision>12</dataTypePrecision>
<ownDataTypeParameters>,,</ownDataTypeParameters>
<previousColumn>false</previousColumn>
<autoIncrementCycle>false</autoIncrementCycle>
<associations>
<colAssociation fkAssociation="FB6FF94D-8A13-BE4C-BAE2-98112E0B6C93" referredColumn="A286DDB5-5676-9277-728B-3F16FEF8F3CC"/>
</associations>
</Column>
</columns>
<indexes itemClass="oracle.dbtools.crest.model.design.relational.Index">
<ind_PK_UK id="5B802140-D9FC-47F1-573D-1BA5B1CD54EB" name="PAGO_ATENCION__IDX">
<createdBy>felix</createdBy>
<createdTime>2025-09-16 01:56:22 UTC</createdTime>
<ownerDesignName>MER_Gestión_Médica_Laboratorio</ownerDesignName>
<indexState>Unique Plain Index</indexState>
<isSurrogateKey>false</isSurrogateKey>
<relationGeneratorID>79361BC1-6EC3-99A0-45A4-028F53878A2E</relationGeneratorID>
<indexColumnUsage>
<colUsage columnID="987DD9A1-6581-6A7F-AB98-509F610D5117"/>
</indexColumnUsage>
</ind_PK_UK>
<ind_PK_UK id="5F8EC37F-F9D5-EEF6-4A22-5CABF9F411EC" name="PAGO_ATENCION_ATENCION_MEDICA_FK">
<createdBy>felix</createdBy>
<createdTime>2025-09-16 01:56:22 UTC</createdTime>
<generatorID>79361BC1-6EC3-99A0-45A4-028F53878A2E</generatorID>
<ownerDesignName>MER_Gestión_Médica_Laboratorio</ownerDesignName>
<indexState>Foreign Key</indexState>
<isSurrogateKey>false</isSurrogateKey>
<indexColumnUsage>
<colUsage columnID="987DD9A1-6581-6A7F-AB98-509F610D5117"/>
</indexColumnUsage>
</ind_PK_UK>
</indexes>
</Table>