<?xml version = '1.0' encoding = 'UTF-8'?>
<Table class="oracle.dbtools.crest.model.design.relational.Table" directorySegmentName="seg_0" id="4CD67F5F-E7BC-B3C4-9B0C-D1051B3CB55F" name="ESPECIALIDAD">
<createdBy>felix</createdBy>
<createdTime>2025-09-16 01:56:22 UTC</createdTime>
<generatorID>88C9C64C-E154-BADF-EB17-79188886128B</generatorID>
<ownerDesignName>MER_Gestión_Médica_Laboratorio</ownerDesignName>
<allowColumnReorder>false</allowColumnReorder>
<existDependencyGenerateInDDl>true</existDependencyGenerateInDDl>
<parsed>true</parsed>
<columns itemClass="oracle.dbtools.crest.model.design.relational.Column">
<Column name="id_especialidad" id="69AC22FB-5AF3-05B7-66D4-F616DCC51858">
<createdBy>felix</createdBy>
<createdTime>2025-09-16 01:56:22 UTC</createdTime>
<generatorID>59DA54AC-A887-7AD0-9B30-0B5F14D97667</generatorID>
<ownerDesignName>MER_Gestión_Médica_Laboratorio</ownerDesignName>
<useDomainConstraints>false</useDomainConstraints>
<use>1</use>
<logicalDatatype>LOGDT019</logicalDatatype>
<dataTypePrecision>6</dataTypePrecision>
<ownDataTypeParameters>,6,</ownDataTypeParameters>
<autoIncrementCycle>false</autoIncrementCycle>
</Column>
<Column name="nombre_especialidad" id="E6E3287E-A835-A46D-E09F-26353A4B17A3">
<createdBy>felix</createdBy>
<createdTime>2025-09-16 01:56:22 UTC</createdTime>
<generatorID>324CD92E-AED2-0607-C8C4-8B1686358613</generatorID>
<ownerDesignName>MER_Gestión_Médica_Laboratorio</ownerDesignName>
<useDomainConstraints>false</useDomainConstraints>
<use>1</use>
<logicalDatatype>LOGDT024</logicalDatatype>
<dataTypeSize>80</dataTypeSize>
<ownDataTypeParameters>80,,</ownDataTypeParameters>
<autoIncrementCycle>false</autoIncrementCycle>
</Column>
<Column name="descripcion" id="C7A6EC86-904A-E89B-D7C9-463E596D441E">
<createdBy>felix</createdBy>
<createdTime>2025-09-16 01:56:22 UTC</createdTime>
<generatorID>567E9C7A-AD0F-38FC-F26E-9CFF6409FBC7</generatorID>
<ownerDesignName>MER_Gestión_Médica_Laboratorio</ownerDesignName>
<useDomainConstraints>false</useDomainConstraints>
<use>1</use>
<logicalDatatype>LOGDT024</logicalDatatype>
<dataTypeSize>200</dataTypeSize>
<ownDataTypeParameters>200,,</ownDataTypeParameters>
<autoIncrementCycle>false</autoIncrementCycle>
</Column>
</columns>
<indexes itemClass="oracle.dbtools.crest.model.design.relational.Index">
<ind_PK_UK id="D817FB0F-B409-D450-D1D4-F6A469078426" name="ESPECIALIDAD_PK">
<createdBy>felix</createdBy>
<createdTime>2025-09-16 01:56:22 UTC</createdTime>
<generatorID>880A5951-8051-E8D9-7A2E-D2C3A36C8CA6</generatorID>
<ownerDesignName>MER_Gestión_Médica_Laboratorio</ownerDesignName>
<pk>true</pk>
<indexState>Primary Constraint</indexState>
<isSurrogateKey>false</isSurrogateKey>
<indexColumnUsage>
<colUsage columnID="69AC22FB-5AF3-05B7-66D4-F616DCC51858"/>
</indexColumnUsage>
</ind_PK_UK>
</indexes>
</Table>