<?xml version = '1.0' encoding = 'UTF-8'?>
<Table class="oracle.dbtools.crest.model.design.relational.Table" directorySegmentName="seg_0" id="5CCD00B5-1E93-4A74-5B5D-4A0A990F581E" name="SOLICITUD_EXAMEN">
<createdBy>felix</createdBy>
<createdTime>2025-09-16 01:56:22 UTC</createdTime>
<generatorID>3EF4389A-A07A-8C6A-43E3-81BC4FF395FB</generatorID>
<ownerDesignName>MER_Gestión_Médica_Laboratorio</ownerDesignName>
<allowColumnReorder>false</allowColumnReorder>
<existDependencyGenerateInDDl>true</existDependencyGenerateInDDl>
<parsed>true</parsed>
<columns itemClass="oracle.dbtools.crest.model.design.relational.Column">
<Column name="id_solicitud" id="E5BD5EB3-2D95-818D-F797-103E24F8C190">
<createdBy>felix</createdBy>
<createdTime>2025-09-16 01:56:22 UTC</createdTime>
<generatorID>5A411EC9-2914-0DC7-587E-2EA46B216A40</generatorID>
<ownerDesignName>MER_Gestión_Médica_Laboratorio</ownerDesignName>
<useDomainConstraints>false</useDomainConstraints>
<use>1</use>
<logicalDatatype>LOGDT019</logicalDatatype>
<dataTypePrecision>12</dataTypePrecision>
<ownDataTypeParameters>,12,</ownDataTypeParameters>
<autoIncrementCycle>false</autoIncrementCycle>
</Column>
<Column name="fecha_solicitud" id="D0AEB1DC-49F1-EA04-5421-FAE933891A41">
<createdBy>felix</createdBy>
<createdTime>2025-09-16 01:56:22 UTC</createdTime>
<generatorID>143DCEB5-A139-ADFD-DA76-58FE2A16517B</generatorID>
<ownerDesignName>MER_Gestión_Médica_Laboratorio</ownerDesignName>
<useDomainConstraints>false</useDomainConstraints>
<use>1</use>
<logicalDatatype>LOGDT007</logicalDatatype>
<ownDataTypeParameters>,,</ownDataTypeParameters>
<autoIncrementCycle>false</autoIncrementCycle>
</Column>
<Column name="estado" id="D9476694-7496-70B5-4D54-650764278232">
<createdBy>felix</createdBy>
<createdTime>2025-09-16 01:56:22 UTC</createdTime>
<generatorID>5CEAEEC8-D473-9A4A-7C5D-56D5A8B29FDC</generatorID>
<ownerDesignName>MER_Gestión_Médica_Laboratorio</ownerDesignName>
<useDomainConstraints>false</useDomainConstraints>
<use>1</use>
<logicalDatatype>LOGDT024</logicalDatatype>
<dataTypeSize>20</dataTypeSize>
<ownDataTypeParameters>20,,</ownDataTypeParameters>
<autoIncrementCycle>false</autoIncrementCycle>
</Column>
<Column name="indicaciones" id="DEC536FB-6757-DFEA-1B52-75549A380AA0">
<createdBy>felix</createdBy>
<createdTime>2025-09-16 01:56:22 UTC</createdTime>
<generatorID>594E1F47-85BD-9446-CA4A-1121BA153A16</generatorID>
<ownerDesignName>MER_Gestión_Médica_Laboratorio</ownerDesignName>
<useDomainConstraints>false</useDomainConstraints>
<use>1</use>
<logicalDatatype>LOGDT024</logicalDatatype>
<dataTypeSize>250</dataTypeSize>
<ownDataTypeParameters>250,,</ownDataTypeParameters>
<autoIncrementCycle>false</autoIncrementCycle>
</Column>
<Column name="ATENCION_MEDICA_id_atencion" id="C83C4DA6-C1A1-BA26-9280-74A68E19F3DF">
<createdBy>felix</createdBy>
<createdTime>2025-09-16 01:56:22 UTC</createdTime>
<generatorID>2B81AF6E-D828-2AA7-D51C-218ACA570C01</generatorID>
<ownerDesignName>MER_Gestión_Médica_Laboratorio</ownerDesignName>
<useDomainConstraints>false</useDomainConstraints>
<use>1</use>
<logicalDatatype>LOGDT019</logicalDatatype>
<dataTypePrecision>12</dataTypePrecision>
<ownDataTypeParameters>,,</ownDataTypeParameters>
<previousColumn>false</previousColumn>
<autoIncrementCycle>false</autoIncrementCycle>
<associations>
<colAssociation fkAssociation="128AB928-DD10-1BD0-D2E9-3F486B229F6E" referredColumn="A286DDB5-5676-9277-728B-3F16FEF8F3CC"/>
</associations>
</Column>
<Column name="EXAMEN_id_examen" id="3AA191C2-6413-ECD6-AC95-58DC87AAFFBC">
<createdBy>felix</createdBy>
<createdTime>2025-09-16 01:56:22 UTC</createdTime>
<generatorID>F6C236E5-6A1D-36A1-7F73-00553129C081</generatorID>
<ownerDesignName>MER_Gestión_Médica_Laboratorio</ownerDesignName>
<useDomainConstraints>false</useDomainConstraints>
<use>1</use>
<logicalDatatype>LOGDT019</logicalDatatype>
<dataTypePrecision>8</dataTypePrecision>
<ownDataTypeParameters>,,</ownDataTypeParameters>
<previousColumn>false</previousColumn>
<autoIncrementCycle>false</autoIncrementCycle>
<associations>
<colAssociation fkAssociation="223F2DD6-BBDA-1CD1-AF0F-621D4AF5265F" referredColumn="DE1BB27C-DFD7-22F7-1EED-713E360FBA2C"/>
</associations>
</Column>
<Column name="MEDICO_id_persona" id="C5048784-BE68-144A-ABB9-AF509215CA62">
<createdBy>felix</createdBy>
<createdTime>2025-09-16 01:56:22 UTC</createdTime>
<generatorID>627F1403-F355-72A0-9B6F-C2C5DCB8642C</generatorID>
<ownerDesignName>MER_Gestión_Médica_Laboratorio</ownerDesignName>
<useDomainConstraints>false</useDomainConstraints>
<use>1</use>
<logicalDatatype>LOGDT019</logicalDatatype>
<dataTypePrecision>10</dataTypePrecision>
<ownDataTypeParameters>,,</ownDataTypeParameters>
<previousColumn>false</previousColumn>
<autoIncrementCycle>false</autoIncrementCycle>
<associations>
<colAssociation fkAssociation="16EB8079-3426-3714-21F5-136B0E8233A4" referredColumn="11F440E0-8A11-FCDD-358D-CDE4649638BF"/>
</associations>
</Column>
</columns>
<indexes itemClass="oracle.dbtools.crest.model.design.relational.Index">
<ind_PK_UK id="1DCB3949-2B56-FD06-5640-D431D0462103" name="SOLICITUD_EXAMEN_PK">
<createdBy>felix</createdBy>
<createdTime>2025-09-16 01:56:22 UTC</createdTime>
<generatorID>0AB0A34E-9E5A-75D1-5855-148EAFBA6840</generatorID>
<ownerDesignName>MER_Gestión_Médica_Laboratorio</ownerDesignName>
<pk>true</pk>
<indexState>Primary Constraint</indexState>
<isSurrogateKey>false</isSurrogateKey>
<indexColumnUsage>
<colUsage columnID="E5BD5EB3-2D95-818D-F797-103E24F8C190"/>
</indexColumnUsage>
</ind_PK_UK>
<ind_PK_UK id="326EC91F-E217-163E-F1C1-1C356777E783" name="SOLICITUD_EXAMEN_ATENCION_MEDICA_FK">
<createdBy>felix</createdBy>
<createdTime>2025-09-16 01:56:22 UTC</createdTime>
<generatorID>E6967AC4-E2D1-AC65-56ED-699E91890F97</generatorID>
<ownerDesignName>MER_Gestión_Médica_Laboratorio</ownerDesignName>
<indexState>Foreign Key</indexState>
<isSurrogateKey>false</isSurrogateKey>
<indexColumnUsage>
<colUsage columnID="C83C4DA6-C1A1-BA26-9280-74A68E19F3DF"/>
</indexColumnUsage>
</ind_PK_UK>
<ind_PK_UK id="98C66425-B095-3037-B564-C9F3416B5224" name="SOLICITUD_EXAMEN_EXAMEN_FK">
<createdBy>felix</createdBy>
<createdTime>2025-09-16 01:56:22 UTC</createdTime>
<generatorID>D1CF9167-8847-3888-7BA7-BD53F084DDD0</generatorID>
<ownerDesignName>MER_Gestión_Médica_Laboratorio</ownerDesignName>
<indexState>Foreign Key</indexState>
<isSurrogateKey>false</isSurrogateKey>
<indexColumnUsage>
<colUsage columnID="3AA191C2-6413-ECD6-AC95-58DC87AAFFBC"/>
</indexColumnUsage>
</ind_PK_UK>
<ind_PK_UK id="2E80B4A6-8DBD-FAB9-ACD6-0181B47A55B5" name="SOLICITUD_EXAMEN_MEDICO_FK">
<createdBy>felix</createdBy>
<createdTime>2025-09-16 01:56:22 UTC</createdTime>
<generatorID>7C8F4F37-D6CB-C679-FF5A-0E55E4565004</generatorID>
<ownerDesignName>MER_Gestión_Médica_Laboratorio</ownerDesignName>
<indexState>Foreign Key</indexState>
<isSurrogateKey>false</isSurrogateKey>
<indexColumnUsage>
<colUsage columnID="C5048784-BE68-144A-ABB9-AF509215CA62"/>
</indexColumnUsage>
</ind_PK_UK>
</indexes>
</Table>