<?xml version = '1.0' encoding = 'UTF-8'?>
<Table class="oracle.dbtools.crest.model.design.relational.Table" directorySegmentName="seg_0" id="AD0231B1-B5E2-0ED4-5BF0-26D19B63743E" name="AFP">
<createdBy>felix</createdBy>
<createdTime>2025-09-16 01:56:22 UTC</createdTime>
<generatorID>4396151B-C67D-93DB-A33B-8219DF3256D3</generatorID>
<ownerDesignName>MER_Gestión_Médica_Laboratorio</ownerDesignName>
<allowColumnReorder>false</allowColumnReorder>
<existDependencyGenerateInDDl>true</existDependencyGenerateInDDl>
<parsed>true</parsed>
<columns itemClass="oracle.dbtools.crest.model.design.relational.Column">
<Column name="id_afp" id="B3DC0BDE-CA36-CD44-E5AB-288BA23C62B3">
<createdBy>felix</createdBy>
<createdTime>2025-09-16 01:56:22 UTC</createdTime>
<generatorID>EE601032-BE3E-53EF-0C37-06553C24F62F</generatorID>
<ownerDesignName>MER_Gestión_Médica_Laboratorio</ownerDesignName>
<useDomainConstraints>false</useDomainConstraints>
<use>1</use>
<logicalDatatype>LOGDT019</logicalDatatype>
<dataTypePrecision>6</dataTypePrecision>
<ownDataTypeParameters>,6,</ownDataTypeParameters>
<autoIncrementCycle>false</autoIncrementCycle>
</Column>
<Column name="codigo_afp" id="48D11C09-83B6-9750-D3A8-265240ADC0A5">
<createdBy>felix</createdBy>
<createdTime>2025-09-16 01:56:22 UTC</createdTime>
<generatorID>0FEB24F5-8391-101D-F94A-C14578A8286A</generatorID>
<ownerDesignName>MER_Gestión_Médica_Laboratorio</ownerDesignName>
<useDomainConstraints>false</useDomainConstraints>
<use>1</use>
<logicalDatatype>LOGDT024</logicalDatatype>
<dataTypeSize>20</dataTypeSize>
<ownDataTypeParameters>20,,</ownDataTypeParameters>
<autoIncrementCycle>false</autoIncrementCycle>
</Column>
<Column name="nombre_afp" id="CD800AD7-FA00-1695-4424-F8E0A997813E">
<createdBy>felix</createdBy>
<createdTime>2025-09-16 01:56:22 UTC</createdTime>
<generatorID>C512E83C-89B5-2A6A-C6F9-0433AF323EF6</generatorID>
<ownerDesignName>MER_Gestión_Médica_Laboratorio</ownerDesignName>
<useDomainConstraints>false</useDomainConstraints>
<use>1</use>
<logicalDatatype>LOGDT024</logicalDatatype>
<dataTypeSize>120</dataTypeSize>
<ownDataTypeParameters>120,,</ownDataTypeParameters>
<autoIncrementCycle>false</autoIncrementCycle>
</Column>
</columns>
<indexes itemClass="oracle.dbtools.crest.model.design.relational.Index">
<ind_PK_UK id="A611C7C8-0575-A765-DBF1-B8B7DB5BFABC" name="AFP_PK">
<createdBy>felix</createdBy>
<createdTime>2025-09-16 01:56:22 UTC</createdTime>
<generatorID>B77A708A-A2DA-E984-C277-26A5AA8E0627</generatorID>
<ownerDesignName>MER_Gestión_Médica_Laboratorio</ownerDesignName>
<pk>true</pk>
<indexState>Primary Constraint</indexState>
<isSurrogateKey>false</isSurrogateKey>
<indexColumnUsage>
<colUsage columnID="B3DC0BDE-CA36-CD44-E5AB-288BA23C62B3"/>
</indexColumnUsage>
</ind_PK_UK>
</indexes>
</Table>