<?xml version = '1.0' encoding = 'UTF-8'?>
<Table class="oracle.dbtools.crest.model.design.relational.Table" directorySegmentName="seg_0" id="E254248E-D8D0-176B-DFD6-3E008718D513" name="PACIENTE">
<createdBy>felix</createdBy>
<createdTime>2025-09-16 01:56:22 UTC</createdTime>
<generatorID>88491DC8-83F0-2537-3F5A-8FB538EC51E1</generatorID>
<ownerDesignName>MER_Gestión_Médica_Laboratorio</ownerDesignName>
<allowColumnReorder>false</allowColumnReorder>
<existDependencyGenerateInDDl>true</existDependencyGenerateInDDl>
<parsed>true</parsed>
<columns itemClass="oracle.dbtools.crest.model.design.relational.Column">
<Column name="id_persona" id="2377DF4B-C6CC-3759-3FAA-34EAC6439F0F">
<createdBy>felix</createdBy>
<createdTime>2025-09-16 01:56:22 UTC</createdTime>
<generatorID>B0B21E0A-B549-2CEA-EF6F-312817420AD1</generatorID>
<ownerDesignName>MER_Gestión_Médica_Laboratorio</ownerDesignName>
<useDomainConstraints>false</useDomainConstraints>
<use>1</use>
<logicalDatatype>LOGDT019</logicalDatatype>
<dataTypePrecision>10</dataTypePrecision>
<ownDataTypeParameters>,,</ownDataTypeParameters>
<autoIncrementCycle>false</autoIncrementCycle>
<associations>
<colAssociation fkAssociation="4573B007-2809-DBC3-40C4-299A5CD48023" referredColumn="CD780193-8E22-3CDA-8FFB-5E6B5C4FF5E3"/>
</associations>
</Column>
<Column name="rut" id="DAC75A3A-3DE4-FA30-A05C-4AF33E7343E9">
<createdBy>felix</createdBy>
<createdTime>2025-09-16 01:56:22 UTC</createdTime>
<generatorID>F9FE9CAA-BB77-C8EF-FCAE-2394D18DD173</generatorID>
<ownerDesignName>MER_Gestión_Médica_Laboratorio</ownerDesignName>
<useDomainConstraints>false</useDomainConstraints>
<use>1</use>
<logicalDatatype>LOGDT024</logicalDatatype>
<dataTypeSize>12</dataTypeSize>
<ownDataTypeParameters>12,,</ownDataTypeParameters>
<autoIncrementCycle>false</autoIncrementCycle>
</Column>
<Column name="dv" id="BA146EE6-A553-D586-E90E-103E4DF30AD8">
<createdBy>felix</createdBy>
<createdTime>2025-09-16 01:56:22 UTC</createdTime>
<generatorID>6D4C45CF-592D-C77B-7D8D-F6D4BC079779</generatorID>
<ownerDesignName>MER_Gestión_Médica_Laboratorio</ownerDesignName>
<useDomainConstraints>false</useDomainConstraints>
<use>1</use>
<logicalDatatype>LOGDT024</logicalDatatype>
<dataTypeSize>1</dataTypeSize>
<ownDataTypeParameters>1,,</ownDataTypeParameters>
<autoIncrementCycle>false</autoIncrementCycle>
</Column>
<Column name="nombre_completo" id="8B8103AD-781D-0E6E-9F2F-300A444925D1">
<createdBy>felix</createdBy>
<createdTime>2025-09-16 01:56:22 UTC</createdTime>
<generatorID>EEE9E4CB-3FFB-A18B-88EB-C934CFD85A88</generatorID>
<ownerDesignName>MER_Gestión_Médica_Laboratorio</ownerDesignName>
<useDomainConstraints>false</useDomainConstraints>
<use>1</use>
<logicalDatatype>LOGDT024</logicalDatatype>
<dataTypeSize>150</dataTypeSize>
<ownDataTypeParameters>150,,</ownDataTypeParameters>
<autoIncrementCycle>false</autoIncrementCycle>
</Column>
<Column name="sexo" id="50E74419-22ED-8DF4-A349-745F766F7465">
<createdBy>felix</createdBy>
<createdTime>2025-09-16 01:56:22 UTC</createdTime>
<generatorID>9B1F6D76-A401-147A-0A1C-5B41D78673FB</generatorID>
<ownerDesignName>MER_Gestión_Médica_Laboratorio</ownerDesignName>
<constraintName>CHK_PERSONA_SEXO</constraintName>
<useDomainConstraints>false</useDomainConstraints>
<use>1</use>
<logicalDatatype>LOGDT025</logicalDatatype>
<dataTypeSize>1 CHAR</dataTypeSize>
<defaultValue>sexo IN (&apos;M&apos;,&apos;F&apos;,&apos;O&apos;)</defaultValue>
<ownDataTypeParameters>1 CHAR,,</ownDataTypeParameters>
<autoIncrementCycle>false</autoIncrementCycle>
</Column>
<Column name="fecha_nacimiento" id="09358DCF-E119-E2A1-467B-4D13DA4F2AC6">
<createdBy>felix</createdBy>
<createdTime>2025-09-16 01:56:22 UTC</createdTime>
<generatorID>7B68FB67-E4D7-DEC4-BB1E-8C409971235E</generatorID>
<ownerDesignName>MER_Gestión_Médica_Laboratorio</ownerDesignName>
<useDomainConstraints>false</useDomainConstraints>
<use>1</use>
<logicalDatatype>LOGDT007</logicalDatatype>
<ownDataTypeParameters>,,</ownDataTypeParameters>
<autoIncrementCycle>false</autoIncrementCycle>
</Column>
<Column name="direccion" id="E67365B7-A803-DA04-49BA-71E31D208DFA">
<createdBy>felix</createdBy>
<createdTime>2025-09-16 01:56:22 UTC</createdTime>
<generatorID>CD701430-4038-9528-9A16-F6C48018CA17</generatorID>
<ownerDesignName>MER_Gestión_Médica_Laboratorio</ownerDesignName>
<useDomainConstraints>false</useDomainConstraints>
<use>1</use>
<logicalDatatype>LOGDT024</logicalDatatype>
<dataTypeSize>200</dataTypeSize>
<ownDataTypeParameters>200,,</ownDataTypeParameters>
<autoIncrementCycle>false</autoIncrementCycle>
</Column>
<Column name="telefono" id="399133C7-3F61-BF2A-4626-9686622B1DBE">
<createdBy>felix</createdBy>
<createdTime>2025-09-16 01:56:22 UTC</createdTime>
<generatorID>98D0432F-F344-CDD1-3223-3314A17CAE13</generatorID>
<ownerDesignName>MER_Gestión_Médica_Laboratorio</ownerDesignName>
<useDomainConstraints>false</useDomainConstraints>
<use>1</use>
<logicalDatatype>LOGDT024</logicalDatatype>
<dataTypeSize>20</dataTypeSize>
<ownDataTypeParameters>20,,</ownDataTypeParameters>
<autoIncrementCycle>false</autoIncrementCycle>
</Column>
<Column name="tipo_usuario" id="151FB8EE-4578-FD3E-AA57-9232FB281FF7">
<createdBy>felix</createdBy>
<createdTime>2025-09-16 01:56:22 UTC</createdTime>
<commentInRDBMS><![CDATA['estudiante','funcionario','externo']]></commentInRDBMS>
<generatorID>551966B7-3941-7362-7AAA-1CFFE43EB7E6</generatorID>
<ownerDesignName>MER_Gestión_Médica_Laboratorio</ownerDesignName>
<useDomainConstraints>false</useDomainConstraints>
<use>1</use>
<logicalDatatype>LOGDT024</logicalDatatype>
<dataTypeSize>20</dataTypeSize>
<ownDataTypeParameters>20,,</ownDataTypeParameters>
<autoIncrementCycle>false</autoIncrementCycle>
</Column>
<Column name="COMUNA_id_comuna" id="E8941EFE-69FB-8404-F53B-65EEAE2D0B62">
<createdBy>felix</createdBy>
<createdTime>2025-09-16 01:56:22 UTC</createdTime>
<generatorID>40CCCAAE-2334-DC7B-6B3E-14E89AA1F235</generatorID>
<ownerDesignName>MER_Gestión_Médica_Laboratorio</ownerDesignName>
<useDomainConstraints>false</useDomainConstraints>
<use>1</use>
<logicalDatatype>LOGDT019</logicalDatatype>
<dataTypePrecision>6</dataTypePrecision>
<ownDataTypeParameters>,,</ownDataTypeParameters>
<previousColumn>false</previousColumn>
<autoIncrementCycle>false</autoIncrementCycle>
<associations>
<colAssociation fkAssociation="07420B92-E90C-9629-FB8B-C2E0885F4A7B" referredColumn="4779FD5F-1B86-3D43-40D8-7190564E674D"/>
</associations>
</Column>
<Column name="id_especialidad" id="13C0DA76-5F6D-A384-E55A-C65D0AE482B6">
<createdBy>felix</createdBy>
<createdTime>2025-09-16 01:56:22 UTC</createdTime>
<generatorID>BF7C3ED5-4894-746E-7717-FB6F87462A96</generatorID>
<ownerDesignName>MER_Gestión_Médica_Laboratorio</ownerDesignName>
<useDomainConstraints>false</useDomainConstraints>
<use>1</use>
<logicalDatatype>LOGDT019</logicalDatatype>
<ownDataTypeParameters>,,</ownDataTypeParameters>
<previousColumn>false</previousColumn>
<autoIncrementCycle>false</autoIncrementCycle>
</Column>
<Column name="id_unidad" id="AC526D01-BBD6-4FAD-3956-7703A2BA9B48">
<createdBy>felix</createdBy>
<createdTime>2025-09-16 01:56:22 UTC</createdTime>
<generatorID>A38B3BDB-F559-B927-7FF9-D44632B01FCC</generatorID>
<ownerDesignName>MER_Gestión_Médica_Laboratorio</ownerDesignName>
<useDomainConstraints>false</useDomainConstraints>
<use>1</use>
<logicalDatatype>LOGDT019</logicalDatatype>
<ownDataTypeParameters>,,</ownDataTypeParameters>
<previousColumn>false</previousColumn>
<autoIncrementCycle>false</autoIncrementCycle>
</Column>
<Column name="AFP_id_afp" id="94E6C8CD-92E9-8151-3025-57442C0B68D6">
<createdBy>felix</createdBy>
<createdTime>2025-09-16 01:56:22 UTC</createdTime>
<generatorID>E77147C5-1B44-961F-454A-64AE346AE5FA</generatorID>
<ownerDesignName>MER_Gestión_Médica_Laboratorio</ownerDesignName>
<nullsAllowed>true</nullsAllowed>
<useDomainConstraints>false</useDomainConstraints>
<use>1</use>
<logicalDatatype>LOGDT019</logicalDatatype>
<dataTypePrecision>6</dataTypePrecision>
<ownDataTypeParameters>,,</ownDataTypeParameters>
<previousColumn>false</previousColumn>
<autoIncrementCycle>false</autoIncrementCycle>
<associations>
<colAssociation fkAssociation="E8E6B4A1-A9F1-81F6-7C10-62E11BF51681" referredColumn="B3DC0BDE-CA36-CD44-E5AB-288BA23C62B3"/>
</associations>
</Column>
<Column name="SOLICITUD_EXAMEN_id_solicitud" id="9311BBCC-9561-BE77-6B1E-273C1036B193">
<createdBy>felix</createdBy>
<createdTime>2025-09-16 01:56:22 UTC</createdTime>
<generatorID>94EC162D-D5CE-D726-A3C0-6DE75857676E</generatorID>
<ownerDesignName>MER_Gestión_Médica_Laboratorio</ownerDesignName>
<useDomainConstraints>false</useDomainConstraints>
<use>1</use>
<logicalDatatype>LOGDT019</logicalDatatype>
<dataTypePrecision>12</dataTypePrecision>
<ownDataTypeParameters>,,</ownDataTypeParameters>
<previousColumn>false</previousColumn>
<autoIncrementCycle>false</autoIncrementCycle>
<associations>
<colAssociation fkAssociation="939D1D72-9B26-089D-6932-74C88FD7F5BD" referredColumn="E5BD5EB3-2D95-818D-F797-103E24F8C190"/>
</associations>
</Column>
</columns>
<indexes itemClass="oracle.dbtools.crest.model.design.relational.Index">
<ind_PK_UK id="877FC507-45C5-A63C-33FE-23603C64BEF8" name="PACIENTE_PK">
<createdBy>felix</createdBy>
<createdTime>2025-09-16 01:56:22 UTC</createdTime>
<generatorID>20478FD3-221F-0F68-EA10-951B7A57CF98</generatorID>
<ownerDesignName>MER_Gestión_Médica_Laboratorio</ownerDesignName>
<pk>true</pk>
<indexState>Primary Constraint</indexState>
<isSurrogateKey>false</isSurrogateKey>
<indexColumnUsage>
<colUsage columnID="2377DF4B-C6CC-3759-3FAA-34EAC6439F0F"/>
</indexColumnUsage>
</ind_PK_UK>
<ind_PK_UK id="A423EC8C-0FAC-2DB5-4C30-89EFB9425D53" name="PACIENTE_PERSONA_FK">
<createdBy>felix</createdBy>
<createdTime>2025-09-16 01:56:22 UTC</createdTime>
<generatorID>57065A36-CC26-5D2F-0D68-A2A8FF6C4F17</generatorID>
<ownerDesignName>MER_Gestión_Médica_Laboratorio</ownerDesignName>
<indexState>Foreign Key</indexState>
<isSurrogateKey>false</isSurrogateKey>
<indexColumnUsage>
<colUsage columnID="2377DF4B-C6CC-3759-3FAA-34EAC6439F0F"/>
</indexColumnUsage>
</ind_PK_UK>
<ind_PK_UK id="E5FBF258-5534-D4FF-E101-E89132699438" name="PACIENTE_AFP_FK">
<createdBy>felix</createdBy>
<createdTime>2025-09-16 01:56:22 UTC</createdTime>
<generatorID>8D6B236B-3D29-27D3-D34A-13394035E035</generatorID>
<ownerDesignName>MER_Gestión_Médica_Laboratorio</ownerDesignName>
<indexState>Foreign Key</indexState>
<isSurrogateKey>false</isSurrogateKey>
<indexColumnUsage>
<colUsage columnID="94E6C8CD-92E9-8151-3025-57442C0B68D6"/>
</indexColumnUsage>
</ind_PK_UK>
<ind_PK_UK id="81167278-1640-5DDC-63C6-8E879A501D90" name="PACIENTE_SOLICITUD_EXAMEN_FK">
<createdBy>felix</createdBy>
<createdTime>2025-09-16 01:56:22 UTC</createdTime>
<generatorID>010DB45D-8147-4595-0FED-A97A41EFACC9</generatorID>
<ownerDesignName>MER_Gestión_Médica_Laboratorio</ownerDesignName>
<indexState>Foreign Key</indexState>
<isSurrogateKey>false</isSurrogateKey>
<indexColumnUsage>
<colUsage columnID="9311BBCC-9561-BE77-6B1E-273C1036B193"/>
</indexColumnUsage>
</ind_PK_UK>
<ind_PK_UK id="64470936-A811-EBD3-0B1F-F555DB57109E" name="PACIENTE_COMUNA_FK">
<createdBy>felix</createdBy>
<createdTime>2025-09-16 01:56:22 UTC</createdTime>
<generatorID>9991B157-B9E4-1FF2-9899-D51008072FA8</generatorID>
<ownerDesignName>MER_Gestión_Médica_Laboratorio</ownerDesignName>
<indexState>Foreign Key</indexState>
<isSurrogateKey>false</isSurrogateKey>
<indexColumnUsage>
<colUsage columnID="E8941EFE-69FB-8404-F53B-65EEAE2D0B62"/>
</indexColumnUsage>
</ind_PK_UK>
</indexes>
</Table>