<?xml version = '1.0' encoding = 'UTF-8'?>
<Table class="oracle.dbtools.crest.model.design.relational.Table" directorySegmentName="seg_0" id="13397E3F-CBED-515F-FD66-6EBA393640B2" name="POSTULANTE_PROFESION">
<createdBy>felix</createdBy>
<createdTime>2025-09-08 17:11:38 UTC</createdTime>
<comment><![CDATA[Restricción de negocio: Un postulante puede tener máximo 2 profesiones]]></comment>
<generatorID>83C260E3-70A1-42CE-C63A-A2549E09A096</generatorID>
<ownerDesignName>MER_MinTrabajo_SistemaPostulaciones</ownerDesignName>
<allowColumnReorder>false</allowColumnReorder>
<existDependencyGenerateInDDl>true</existDependencyGenerateInDDl>
<parsed>true</parsed>
<columns itemClass="oracle.dbtools.crest.model.design.relational.Column">
<Column name="fecha_obtencion_titulo" id="59529F57-BFAE-9531-CBFE-AD78D8958CD9">
<createdBy>felix</createdBy>
<createdTime>2025-09-08 17:11:38 UTC</createdTime>
<generatorID>B3397555-6483-751E-D966-88580F68A219</generatorID>
<ownerDesignName>MER_MinTrabajo_SistemaPostulaciones</ownerDesignName>
<useDomainConstraints>false</useDomainConstraints>
<use>1</use>
<logicalDatatype>LOGDT007</logicalDatatype>
<ownDataTypeParameters>,,</ownDataTypeParameters>
<autoIncrementCycle>false</autoIncrementCycle>
</Column>
<Column name="POSTULANTE_folio_postulante" id="9BAF907A-362D-4F88-4829-E3FBA1AFAB3E">
<createdBy>felix</createdBy>
<createdTime>2025-09-08 17:11:38 UTC</createdTime>
<generatorID>F8DEB228-024E-B0A3-4BFD-08119B884D52</generatorID>
<ownerDesignName>MER_MinTrabajo_SistemaPostulaciones</ownerDesignName>
<useDomainConstraints>false</useDomainConstraints>
<use>1</use>
<logicalDatatype>LOGDT019</logicalDatatype>
<dataTypePrecision>20</dataTypePrecision>
<ownDataTypeParameters>,,</ownDataTypeParameters>
<previousColumn>false</previousColumn>
<autoIncrementCycle>false</autoIncrementCycle>
<associations>
<colAssociation fkAssociation="1AEB1804-43DA-E6B6-6AF3-5445F3C89799" referredColumn="A387EE3B-7E0E-95C1-9229-B7A6D577951D"/>
</associations>
</Column>
<Column name="PROFESION_id_profesion" id="3BACDB37-EAB5-401C-BB61-6A30F4DBF4ED">
<createdBy>felix</createdBy>
<createdTime>2025-09-08 17:11:38 UTC</createdTime>
<generatorID>42CA51D0-85A3-8972-DD55-F740D7EF3EE4</generatorID>
<ownerDesignName>MER_MinTrabajo_SistemaPostulaciones</ownerDesignName>
<useDomainConstraints>false</useDomainConstraints>
<use>1</use>
<logicalDatatype>LOGDT019</logicalDatatype>
<ownDataTypeParameters>,,</ownDataTypeParameters>
<previousColumn>false</previousColumn>
<autoIncrementCycle>false</autoIncrementCycle>
<associations>
<colAssociation fkAssociation="E780FF2A-B7E8-3246-86B4-B4AA4DCC31A3" referredColumn="3A2B9A3E-B2F6-299B-12BE-80833498F309"/>
</associations>
</Column>
</columns>
<indexes itemClass="oracle.dbtools.crest.model.design.relational.Index">
<ind_PK_UK id="02915C9E-10FE-CE9B-7B8B-BAB817A64031" name="POSTULANTE_PROFESION_PK">
<createdBy>felix</createdBy>
<createdTime>2025-09-08 17:11:38 UTC</createdTime>
<generatorID>2B90032A-A854-992E-ADAF-2B16EE79D4C8</generatorID>
<ownerDesignName>MER_MinTrabajo_SistemaPostulaciones</ownerDesignName>
<pk>true</pk>
<indexState>Primary Constraint</indexState>
<isSurrogateKey>false</isSurrogateKey>
<indexColumnUsage>
<colUsage columnID="9BAF907A-362D-4F88-4829-E3FBA1AFAB3E"/>
<colUsage columnID="3BACDB37-EAB5-401C-BB61-6A30F4DBF4ED"/>
</indexColumnUsage>
</ind_PK_UK>
<ind_PK_UK id="1AE028CB-ADDD-CB46-77E3-1418334EEA8D" name="POSTULANTE_PROFESION_PROFESION_FK">
<createdBy>felix</createdBy>
<createdTime>2025-09-08 17:11:38 UTC</createdTime>
<generatorID>FAF102AD-C8F5-4E3F-8317-D91B9107F396</generatorID>
<ownerDesignName>MER_MinTrabajo_SistemaPostulaciones</ownerDesignName>
<indexState>Foreign Key</indexState>
<isSurrogateKey>false</isSurrogateKey>
<indexColumnUsage>
<colUsage columnID="3BACDB37-EAB5-401C-BB61-6A30F4DBF4ED"/>
</indexColumnUsage>
</ind_PK_UK>
<ind_PK_UK id="87ED7C7D-3527-4BED-A033-D8578ADE47B0" name="POSTULANTE_PROFESION_POSTULANTE_FK">
<createdBy>felix</createdBy>
<createdTime>2025-09-08 17:11:38 UTC</createdTime>
<generatorID>381E487D-0671-21C9-6107-174DE155F4C6</generatorID>
<ownerDesignName>MER_MinTrabajo_SistemaPostulaciones</ownerDesignName>
<indexState>Foreign Key</indexState>
<isSurrogateKey>false</isSurrogateKey>
<indexColumnUsage>
<colUsage columnID="9BAF907A-362D-4F88-4829-E3FBA1AFAB3E"/>
</indexColumnUsage>
</ind_PK_UK>
</indexes>
</Table>