<?xml version = '1.0' encoding = 'UTF-8'?>
<Table class="oracle.dbtools.crest.model.design.relational.Table" directorySegmentName="seg_0" id="9135FB5D-F9EC-1561-8198-CC6BE904C55D" name="POSTULANTE_GRADO">
<createdBy>felix</createdBy>
<createdTime>2025-09-08 17:11:38 UTC</createdTime>
<generatorID>B45A1B1A-ADFD-26D6-10F1-2FC8D1A4658A</generatorID>
<ownerDesignName>MER_MinTrabajo_SistemaPostulaciones</ownerDesignName>
<allowColumnReorder>false</allowColumnReorder>
<existDependencyGenerateInDDl>true</existDependencyGenerateInDDl>
<parsed>true</parsed>
<columns itemClass="oracle.dbtools.crest.model.design.relational.Column">
<Column name="fecha_obtencion_grado" id="A1531196-3D0A-C968-8313-839BB3250080">
<createdBy>felix</createdBy>
<createdTime>2025-09-08 17:11:38 UTC</createdTime>
<generatorID>560F8831-6E65-B397-5625-A7A9FB033AE9</generatorID>
<ownerDesignName>MER_MinTrabajo_SistemaPostulaciones</ownerDesignName>
<useDomainConstraints>false</useDomainConstraints>
<use>1</use>
<logicalDatatype>LOGDT007</logicalDatatype>
<ownDataTypeParameters>,,</ownDataTypeParameters>
<autoIncrementCycle>false</autoIncrementCycle>
</Column>
<Column name="POSTULANTE_folio_postulante" id="E9E79123-0EBC-0985-0B67-52A606D77134">
<createdBy>felix</createdBy>
<createdTime>2025-09-08 17:11:38 UTC</createdTime>
<generatorID>7EAAF81F-CCC9-4703-B34B-0265B0DFBAF5</generatorID>
<ownerDesignName>MER_MinTrabajo_SistemaPostulaciones</ownerDesignName>
<useDomainConstraints>false</useDomainConstraints>
<use>1</use>
<logicalDatatype>LOGDT019</logicalDatatype>
<dataTypePrecision>20</dataTypePrecision>
<ownDataTypeParameters>,,</ownDataTypeParameters>
<previousColumn>false</previousColumn>
<autoIncrementCycle>false</autoIncrementCycle>
<associations>
<colAssociation fkAssociation="5018B6BF-A352-3A19-1AD5-E5DD94E43C48" referredColumn="A387EE3B-7E0E-95C1-9229-B7A6D577951D"/>
</associations>
</Column>
<Column name="GRADO_ACADEMICO_id_grado" id="AA390A2C-DF60-024B-CC13-8A96DD11E191">
<createdBy>felix</createdBy>
<createdTime>2025-09-08 17:11:38 UTC</createdTime>
<generatorID>555FBCAB-28B2-6B85-31C3-828172A22F79</generatorID>
<ownerDesignName>MER_MinTrabajo_SistemaPostulaciones</ownerDesignName>
<useDomainConstraints>false</useDomainConstraints>
<use>1</use>
<logicalDatatype>LOGDT019</logicalDatatype>
<ownDataTypeParameters>,,</ownDataTypeParameters>
<previousColumn>false</previousColumn>
<autoIncrementCycle>false</autoIncrementCycle>
<associations>
<colAssociation fkAssociation="C8CEF5BE-F455-02C4-C8E7-6464D2DD21AD" referredColumn="EE23982A-E023-4CE5-3C45-47EA9D67CCFE"/>
</associations>
</Column>
</columns>
<indexes itemClass="oracle.dbtools.crest.model.design.relational.Index">
<ind_PK_UK id="F3CBAE0F-B41D-C9B8-904E-7786B2375BEA" name="POSTULANTE_GRADO_PK">
<createdBy>felix</createdBy>
<createdTime>2025-09-08 17:11:38 UTC</createdTime>
<generatorID>F29DB3E7-75D8-0129-878D-664547050ACF</generatorID>
<ownerDesignName>MER_MinTrabajo_SistemaPostulaciones</ownerDesignName>
<pk>true</pk>
<indexState>Primary Constraint</indexState>
<isSurrogateKey>false</isSurrogateKey>
<indexColumnUsage>
<colUsage columnID="E9E79123-0EBC-0985-0B67-52A606D77134"/>
<colUsage columnID="AA390A2C-DF60-024B-CC13-8A96DD11E191"/>
</indexColumnUsage>
</ind_PK_UK>
<ind_PK_UK id="92766CD4-4779-69B0-7A53-6BB0D81C0912" name="POSTULANTE_GRADO__IDX">
<createdBy>felix</createdBy>
<createdTime>2025-09-08 17:11:38 UTC</createdTime>
<ownerDesignName>MER_MinTrabajo_SistemaPostulaciones</ownerDesignName>
<indexState>Unique Plain Index</indexState>
<isSurrogateKey>false</isSurrogateKey>
<relationGeneratorID>C940E40F-8B2C-2334-32BA-4A1C52729FBF</relationGeneratorID>
<indexColumnUsage>
<colUsage columnID="E9E79123-0EBC-0985-0B67-52A606D77134"/>
</indexColumnUsage>
</ind_PK_UK>
<ind_PK_UK id="ADAB5B38-5684-BD3F-2567-40C0002F0903" name="POSTULANTE_GRADO_GRADO_ACADEMICO_FK">
<createdBy>felix</createdBy>
<createdTime>2025-09-08 17:11:38 UTC</createdTime>
<generatorID>15F148CD-27A4-D3C4-A455-ED081E770AB1</generatorID>
<ownerDesignName>MER_MinTrabajo_SistemaPostulaciones</ownerDesignName>
<indexState>Foreign Key</indexState>
<isSurrogateKey>false</isSurrogateKey>
<indexColumnUsage>
<colUsage columnID="AA390A2C-DF60-024B-CC13-8A96DD11E191"/>
</indexColumnUsage>
</ind_PK_UK>
<ind_PK_UK id="33AA00F9-CC16-E77D-E7F8-C1665F2E642D" name="POSTULANTE_GRADO_POSTULANTE_FK">
<createdBy>felix</createdBy>
<createdTime>2025-09-08 17:11:38 UTC</createdTime>
<generatorID>C940E40F-8B2C-2334-32BA-4A1C52729FBF</generatorID>
<ownerDesignName>MER_MinTrabajo_SistemaPostulaciones</ownerDesignName>
<indexState>Foreign Key</indexState>
<isSurrogateKey>false</isSurrogateKey>
<indexColumnUsage>
<colUsage columnID="E9E79123-0EBC-0985-0B67-52A606D77134"/>
</indexColumnUsage>
</ind_PK_UK>
</indexes>
</Table>