<?xml version = '1.0' encoding = 'UTF-8'?>
<Table class="oracle.dbtools.crest.model.design.relational.Table" directorySegmentName="seg_0" id="E8E04C87-60B3-60D1-6878-B4389215551A" name="POSTULANTE_IDIOMA">
<createdBy>felix</createdBy>
<createdTime>2025-09-08 17:11:38 UTC</createdTime>
<generatorID>D95CD85F-B20F-C3FA-D851-89C6E244E245</generatorID>
<ownerDesignName>MER_MinTrabajo_SistemaPostulaciones</ownerDesignName>
<allowColumnReorder>false</allowColumnReorder>
<existDependencyGenerateInDDl>true</existDependencyGenerateInDDl>
<parsed>true</parsed>
<columns itemClass="oracle.dbtools.crest.model.design.relational.Column">
<Column name="nivel_dominio" id="E6CF1FC5-AA90-3223-538D-0BAAB07ABE00">
<createdBy>felix</createdBy>
<createdTime>2025-09-08 17:11:38 UTC</createdTime>
<generatorID>D340EA72-A1C1-E293-C637-73C4DA48E4A0</generatorID>
<ownerDesignName>MER_MinTrabajo_SistemaPostulaciones</ownerDesignName>
<useDomainConstraints>false</useDomainConstraints>
<use>1</use>
<logicalDatatype>LOGDT024</logicalDatatype>
<dataTypeSize>50</dataTypeSize>
<ownDataTypeParameters>50,,</ownDataTypeParameters>
<autoIncrementCycle>false</autoIncrementCycle>
</Column>
<Column name="POSTULANTE_folio_postulante" id="37683BBF-84E2-B733-5F35-FF8F35DC673E">
<createdBy>felix</createdBy>
<createdTime>2025-09-08 17:11:38 UTC</createdTime>
<generatorID>59D9946C-8150-80CE-260A-6106E59081DE</generatorID>
<ownerDesignName>MER_MinTrabajo_SistemaPostulaciones</ownerDesignName>
<useDomainConstraints>false</useDomainConstraints>
<use>1</use>
<logicalDatatype>LOGDT019</logicalDatatype>
<dataTypePrecision>20</dataTypePrecision>
<ownDataTypeParameters>,,</ownDataTypeParameters>
<previousColumn>false</previousColumn>
<autoIncrementCycle>false</autoIncrementCycle>
<associations>
<colAssociation fkAssociation="9606015A-A4BB-C442-EC55-08A63823386C" referredColumn="A387EE3B-7E0E-95C1-9229-B7A6D577951D"/>
</associations>
</Column>
<Column name="IDIOMA_id_idioma" id="10DF17CD-A161-D383-FE75-2499C4646E77">
<createdBy>felix</createdBy>
<createdTime>2025-09-08 17:11:38 UTC</createdTime>
<generatorID>E6CE9A67-34E6-4E57-4B1E-3482C5E3F547</generatorID>
<ownerDesignName>MER_MinTrabajo_SistemaPostulaciones</ownerDesignName>
<useDomainConstraints>false</useDomainConstraints>
<use>1</use>
<logicalDatatype>LOGDT019</logicalDatatype>
<ownDataTypeParameters>,,</ownDataTypeParameters>
<previousColumn>false</previousColumn>
<autoIncrementCycle>false</autoIncrementCycle>
<associations>
<colAssociation fkAssociation="65455C55-7198-4D8A-6FF4-7EFEF49800A0" referredColumn="77388D43-E434-FF04-D261-5EB0113638CF"/>
</associations>
</Column>
</columns>
<indexes itemClass="oracle.dbtools.crest.model.design.relational.Index">
<ind_PK_UK id="8993F13E-B297-E770-3C35-D96E878D45E6" name="POSTULANTE_IDIOMA_PK">
<createdBy>felix</createdBy>
<createdTime>2025-09-08 17:11:38 UTC</createdTime>
<generatorID>26E87F08-B46C-1737-43E1-896D88CD46AD</generatorID>
<ownerDesignName>MER_MinTrabajo_SistemaPostulaciones</ownerDesignName>
<pk>true</pk>
<indexState>Primary Constraint</indexState>
<isSurrogateKey>false</isSurrogateKey>
<indexColumnUsage>
<colUsage columnID="37683BBF-84E2-B733-5F35-FF8F35DC673E"/>
<colUsage columnID="10DF17CD-A161-D383-FE75-2499C4646E77"/>
</indexColumnUsage>
</ind_PK_UK>
<ind_PK_UK id="E252A24F-76E5-FD42-46D0-1951540E6457" name="POSTULANTE_IDIOMA_POSTULANTE_FK">
<createdBy>felix</createdBy>
<createdTime>2025-09-08 17:11:38 UTC</createdTime>
<generatorID>C06B29BC-2427-DF3A-D227-8E84BDF083A1</generatorID>
<ownerDesignName>MER_MinTrabajo_SistemaPostulaciones</ownerDesignName>
<indexState>Foreign Key</indexState>
<isSurrogateKey>false</isSurrogateKey>
<indexColumnUsage>
<colUsage columnID="37683BBF-84E2-B733-5F35-FF8F35DC673E"/>
</indexColumnUsage>
</ind_PK_UK>
<ind_PK_UK id="A4FBA743-CE55-F83C-F827-55C614225C48" name="POSTULANTE_IDIOMA_IDIOMA_FK">
<createdBy>felix</createdBy>
<createdTime>2025-09-08 17:11:38 UTC</createdTime>
<generatorID>7E701C0A-FF32-1F85-ACD6-9E03E4421852</generatorID>
<ownerDesignName>MER_MinTrabajo_SistemaPostulaciones</ownerDesignName>
<indexState>Foreign Key</indexState>
<isSurrogateKey>false</isSurrogateKey>
<indexColumnUsage>
<colUsage columnID="10DF17CD-A161-D383-FE75-2499C4646E77"/>
</indexColumnUsage>
</ind_PK_UK>
</indexes>
</Table>