<?xml version = '1.0' encoding = 'UTF-8'?>
<Diagram class="oracle.dbtools.crest.swingui.logical.DPVLogical" name="Logical" id="8984817D-393E-23C9-0973-DD88CA687016">
<createdBy>felix</createdBy>
<modifiedBy>felix</modifiedBy>
<createdTime>2025-09-15 21:36:38 UTC</createdTime>
<autoRoute>true</autoRoute>
<boxInbox>true</boxInbox>
<showLegend>false</showLegend>
<showLabels>false</showLabels>
<showRelAttributes>false</showRelAttributes>
<gridEnabled>true</gridEnabled>
<showGrid>false</showGrid>
<diagramColor>-1</diagramColor>
<display>false</display>
<notation>0</notation>
<objectViews>
<OView class="oracle.dbtools.crest.swingui.logical.TVEntity" oid="05AB9000-C3B0-BE97-73FA-7A1183E59A44" otype="Entity" vid="F2B4BEEE-AB55-161D-3B30-817F1F83F665">
<hideElementsInCurrentOnly>false</hideElementsInCurrentOnly>
<bounds x="60" y="20" width="221" height="111"/>
</OView>
<OView class="oracle.dbtools.crest.swingui.logical.TVEntity" oid="29CBCAAE-D56A-E217-27AC-F793FC43E862" otype="Entity" vid="9FC658D6-D4C9-C714-3D09-1D40B6AE9863">
<hideElementsInCurrentOnly>false</hideElementsInCurrentOnly>
<bounds x="900" y="190" width="170" height="110"/>
</OView>
<OView class="oracle.dbtools.crest.swingui.logical.TVEntity" oid="3EF4389A-A07A-8C6A-43E3-81BC4FF395FB" otype="Entity" vid="D6A33498-9D83-A8B3-3749-222AA81DA2B5">
<hideElementsInCurrentOnly>false</hideElementsInCurrentOnly>
<bounds x="720" y="640" width="170" height="171"/>
</OView>
<OView class="oracle.dbtools.crest.swingui.logical.TVEntity" oid="4396151B-C67D-93DB-A33B-8219DF3256D3" otype="Entity" vid="1AD6D14E-F0A1-F854-8015-4EDA7A862EE5">
<hideElementsInCurrentOnly>false</hideElementsInCurrentOnly>
<bounds x="60" y="300" width="221" height="111"/>
</OView>
<OView class="oracle.dbtools.crest.swingui.logical.TVEntity" oid="4BFFE5AB-3B64-4002-8853-5EF1D92AE6B2" otype="Entity" vid="3732E79C-E7A5-DAA7-D205-79C1A766338F">
<hideElementsInCurrentOnly>false</hideElementsInCurrentOnly>
<bounds x="950" y="470" width="170" height="110"/>
</OView>
<OView class="oracle.dbtools.crest.swingui.logical.TVEntity" oid="6918BC44-52C4-88EB-D20A-D8C9F607AD27" otype="Entity" vid="B9DC6FBF-B514-4747-BEA8-27A0CF58A588">
<hideElementsInCurrentOnly>false</hideElementsInCurrentOnly>
<bounds x="90" y="550" width="170" height="110"/>
</OView>
<OView class="oracle.dbtools.crest.swingui.logical.TVEntity" oid="88491DC8-83F0-2537-3F5A-8FB538EC51E1" otype="Entity" vid="D1DA5387-86A5-7666-0D35-EA3C9A1A1850">
<hideElementsInCurrentOnly>false</hideElementsInCurrentOnly>
<bounds x="350" y="200" width="201" height="131"/>
</OView>
<OView class="oracle.dbtools.crest.swingui.logical.TVEntity" oid="88C9C64C-E154-BADF-EB17-79188886128B" otype="Entity" vid="F38E3567-465F-5C91-9F0F-6D411E892D5F">
<hideElementsInCurrentOnly>false</hideElementsInCurrentOnly>
<bounds x="840" y="320" width="221" height="111"/>
</OView>
<OView class="oracle.dbtools.crest.swingui.logical.TVEntity" oid="A2ABE07D-52B5-CA0F-6CCA-0BDB5F91EB57" otype="Entity" vid="2EEE655A-116C-7011-FC1E-186178A100EE">
<hideElementsInCurrentOnly>false</hideElementsInCurrentOnly>
<bounds x="980" y="690" width="170" height="141"/>
</OView>
<OView class="oracle.dbtools.crest.swingui.logical.TVEntity" oid="BC5B6EEA-AA0D-7C0A-DD9F-31912AB0259A" otype="Entity" vid="F03BA20B-C041-8E25-CEF4-1754AEF82F7D">
<hideElementsInCurrentOnly>false</hideElementsInCurrentOnly>
<bounds x="340" y="20" width="421" height="321"/>
</OView>
<OView class="oracle.dbtools.crest.swingui.logical.TVEntity" oid="C941073B-61A9-85B2-E258-C888B3D100A7" otype="Entity" vid="878CD7CD-50ED-2080-F4E3-92A2DD2C5C2C">
<hideElementsInCurrentOnly>false</hideElementsInCurrentOnly>
<bounds x="560" y="200" width="191" height="131"/>
</OView>
<OView class="oracle.dbtools.crest.swingui.logical.TVEntity" oid="CC0AA8F9-F04F-8818-21BB-799F7A8D3EFB" otype="Entity" vid="4E322DC2-A4A9-71AE-8131-74C5A238CA3B">
<hideElementsInCurrentOnly>false</hideElementsInCurrentOnly>
<bounds x="60" y="160" width="221" height="111"/>
</OView>
<OView class="oracle.dbtools.crest.swingui.logical.TVEntity" oid="D0DAAEB4-2527-9216-C32F-A0A86F25AFA5" otype="Entity" vid="369D39EF-9E68-6A2B-6CE1-C6011F7966D6">
<hideElementsInCurrentOnly>false</hideElementsInCurrentOnly>
<bounds x="840" y="40" width="170" height="110"/>
</OView>
<OView class="oracle.dbtools.crest.swingui.logical.TVEntity" oid="EF7216EC-BDED-C94F-50F3-3627E3E9276A" otype="Entity" vid="8D1A9188-A6DD-F7CE-08F2-9B7D7315084E">
<hideElementsInCurrentOnly>false</hideElementsInCurrentOnly>
<bounds x="400" y="510" width="170" height="191"/>
</OView>
</objectViews>
<connectors>
<Connector class="oracle.dbtools.crest.swingui.logical.TVRelation" oid="010DB45D-8147-4595-0FED-A97A41EFACC9" otype="Relation" vid_source="D6A33498-9D83-A8B3-3749-222AA81DA2B5" vid_target="D1DA5387-86A5-7666-0D35-EA3C9A1A1850">
<hideElementsInCurrentOnly>false</hideElementsInCurrentOnly>
<backgroundColor>-16777216</backgroundColor>
<lineWidth>1</lineWidth>
<points>
<point x="835" y="640"/>
<point x="835" y="475"/>
<point x="420" y="475"/>
<point x="420" y="331"/>
</points>
</Connector>
<Connector class="oracle.dbtools.crest.swingui.logical.TVRelation" oid="14835A0D-8398-F0D3-4940-C1D2FB99E4B9" otype="Relation" vid_source="F38E3567-465F-5C91-9F0F-6D411E892D5F" vid_target="8D1A9188-A6DD-F7CE-08F2-9B7D7315084E">
<hideElementsInCurrentOnly>false</hideElementsInCurrentOnly>
<backgroundColor>-16777216</backgroundColor>
<lineWidth>1</lineWidth>
<points>
<point x="840" y="365"/>
<point x="740" y="365"/>
<point x="740" y="595"/>
<point x="570" y="595"/>
</points>
</Connector>
<Connector class="oracle.dbtools.crest.swingui.logical.TVInheritanceRelation" oid="1790CD8C-8603-1CBF-5A60-688E034EC835" otype="Hierarchy relation" vid_source="F03BA20B-C041-8E25-CEF4-1754AEF82F7D" vid_target="878CD7CD-50ED-2080-F4E3-92A2DD2C5C2C">
<hideElementsInCurrentOnly>false</hideElementsInCurrentOnly>
<backgroundColor>-65536</backgroundColor>
<lineWidth>1</lineWidth>
</Connector>
<Connector class="oracle.dbtools.crest.swingui.logical.TVInheritanceRelation" oid="57065A36-CC26-5D2F-0D68-A2A8FF6C4F17" otype="Hierarchy relation" vid_source="F03BA20B-C041-8E25-CEF4-1754AEF82F7D" vid_target="D1DA5387-86A5-7666-0D35-EA3C9A1A1850">
<hideElementsInCurrentOnly>false</hideElementsInCurrentOnly>
<backgroundColor>-65536</backgroundColor>
<lineWidth>1</lineWidth>
</Connector>
<Connector class="oracle.dbtools.crest.swingui.logical.TVRelation" oid="6CC31D99-E582-6F47-9E35-29751FC3771F" otype="Relation" vid_source="878CD7CD-50ED-2080-F4E3-92A2DD2C5C2C" vid_target="878CD7CD-50ED-2080-F4E3-92A2DD2C5C2C">
<hideElementsInCurrentOnly>false</hideElementsInCurrentOnly>
<backgroundColor>-16777216</backgroundColor>
<lineWidth>1</lineWidth>
<points>
<point x="751" y="277"/>
<point x="776" y="277"/>
<point x="776" y="356"/>
<point x="672" y="356"/>
<point x="672" y="331"/>
</points>
</Connector>
<Connector class="oracle.dbtools.crest.swingui.logical.TVRelation" oid="79361BC1-6EC3-99A0-45A4-028F53878A2E" otype="Relation" vid_source="8D1A9188-A6DD-F7CE-08F2-9B7D7315084E" vid_target="B9DC6FBF-B514-4747-BEA8-27A0CF58A588">
<hideElementsInCurrentOnly>false</hideElementsInCurrentOnly>
<backgroundColor>-16777216</backgroundColor>
<lineWidth>1</lineWidth>
<points>
<point x="400" y="605"/>
<point x="330" y="605"/>
<point x="330" y="605"/>
<point x="260" y="605"/>
</points>
</Connector>
<Connector class="oracle.dbtools.crest.swingui.logical.TVRelation" oid="7C8F4F37-D6CB-C679-FF5A-0E55E4565004" otype="Relation" vid_source="878CD7CD-50ED-2080-F4E3-92A2DD2C5C2C" vid_target="D6A33498-9D83-A8B3-3749-222AA81DA2B5">
<hideElementsInCurrentOnly>false</hideElementsInCurrentOnly>
<backgroundColor>-16777216</backgroundColor>
<lineWidth>1</lineWidth>
<points>
<point x="665" y="331"/>
<point x="665" y="475"/>
<point x="775" y="475"/>
<point x="775" y="640"/>
</points>
</Connector>
<Connector class="oracle.dbtools.crest.swingui.logical.TVRelation" oid="7DFCA760-06BA-3368-7CCB-3CF4ED9BFE79" otype="Relation" vid_source="369D39EF-9E68-6A2B-6CE1-C6011F7966D6" vid_target="878CD7CD-50ED-2080-F4E3-92A2DD2C5C2C">
<hideElementsInCurrentOnly>false</hideElementsInCurrentOnly>
<backgroundColor>-16777216</backgroundColor>
<lineWidth>1</lineWidth>
<points>
<point x="840" y="65"/>
<point x="815" y="65"/>
<point x="815" y="235"/>
<point x="751" y="275"/>
</points>
</Connector>
<Connector class="oracle.dbtools.crest.swingui.logical.TVRelation" oid="8D6B236B-3D29-27D3-D34A-13394035E035" otype="Relation" vid_source="D1DA5387-86A5-7666-0D35-EA3C9A1A1850" vid_target="1AD6D14E-F0A1-F854-8015-4EDA7A862EE5">
<hideElementsInCurrentOnly>false</hideElementsInCurrentOnly>
<backgroundColor>-16777216</backgroundColor>
<lineWidth>1</lineWidth>
<points>
<point x="350" y="235"/>
<point x="335" y="235"/>
<point x="335" y="325"/>
<point x="281" y="325"/>
</points>
</Connector>
<Connector class="oracle.dbtools.crest.swingui.logical.TVRelation" oid="98045A3F-9A8C-9AF3-AF9F-10B9DBFC49D3" otype="Relation" vid_source="878CD7CD-50ED-2080-F4E3-92A2DD2C5C2C" vid_target="8D1A9188-A6DD-F7CE-08F2-9B7D7315084E">
<hideElementsInCurrentOnly>false</hideElementsInCurrentOnly>
<backgroundColor>-16777216</backgroundColor>
<lineWidth>1</lineWidth>
<points>
<point x="645" y="331"/>
<point x="655" y="390"/>
<point x="515" y="390"/>
<point x="515" y="510"/>
</points>
</Connector>
<Connector class="oracle.dbtools.crest.swingui.logical.TVRelation" oid="9991B157-B9E4-1FF2-9899-D51008072FA8" otype="Relation" vid_source="4E322DC2-A4A9-71AE-8131-74C5A238CA3B" vid_target="D1DA5387-86A5-7666-0D35-EA3C9A1A1850">
<hideElementsInCurrentOnly>false</hideElementsInCurrentOnly>
<backgroundColor>-16777216</backgroundColor>
<lineWidth>1</lineWidth>
<points>
<point x="281" y="225"/>
<point x="305" y="225"/>
<point x="305" y="275"/>
<point x="350" y="275"/>
</points>
</Connector>
<Connector class="oracle.dbtools.crest.swingui.logical.TVRelation" oid="A35E818D-39EC-CCAF-6636-ECA3AD79B62C" otype="Relation" vid_source="D6A33498-9D83-A8B3-3749-222AA81DA2B5" vid_target="2EEE655A-116C-7011-FC1E-186178A100EE">
<hideElementsInCurrentOnly>false</hideElementsInCurrentOnly>
<backgroundColor>-16777216</backgroundColor>
<lineWidth>1</lineWidth>
<points>
<point x="890" y="775"/>
<point x="885" y="775"/>
<point x="885" y="730"/>
<point x="980" y="730"/>
</points>
</Connector>
<Connector class="oracle.dbtools.crest.swingui.logical.TVRelation" oid="D1CF9167-8847-3888-7BA7-BD53F084DDD0" otype="Relation" vid_source="3732E79C-E7A5-DAA7-D205-79C1A766338F" vid_target="D6A33498-9D83-A8B3-3749-222AA81DA2B5">
<hideElementsInCurrentOnly>false</hideElementsInCurrentOnly>
<backgroundColor>-16777216</backgroundColor>
<lineWidth>1</lineWidth>
<points>
<point x="950" y="525"/>
<point x="920" y="525"/>
<point x="920" y="675"/>
<point x="890" y="675"/>
</points>
</Connector>
<Connector class="oracle.dbtools.crest.swingui.logical.TVRelation" oid="DD6F3685-9B80-1C9D-2E67-C9ED4B81B782" otype="Relation" vid_source="D1DA5387-86A5-7666-0D35-EA3C9A1A1850" vid_target="8D1A9188-A6DD-F7CE-08F2-9B7D7315084E">
<hideElementsInCurrentOnly>false</hideElementsInCurrentOnly>
<backgroundColor>-16777216</backgroundColor>
<lineWidth>1</lineWidth>
<points>
<point x="460" y="331"/>
<point x="450" y="420"/>
<point x="455" y="420"/>
<point x="455" y="510"/>
</points>
</Connector>
<Connector class="oracle.dbtools.crest.swingui.logical.TVRelation" oid="E586D7E3-316A-49DB-6A3A-B39A4B10DB68" otype="Relation" vid_source="F2B4BEEE-AB55-161D-3B30-817F1F83F665" vid_target="4E322DC2-A4A9-71AE-8131-74C5A238CA3B">
<hideElementsInCurrentOnly>false</hideElementsInCurrentOnly>
<backgroundColor>-16777216</backgroundColor>
<lineWidth>1</lineWidth>
<points>
<point x="170" y="131"/>
<point x="170" y="145"/>
<point x="170" y="145"/>
<point x="170" y="160"/>
</points>
</Connector>
<Connector class="oracle.dbtools.crest.swingui.logical.TVRelation" oid="E6967AC4-E2D1-AC65-56ED-699E91890F97" otype="Relation" vid_source="8D1A9188-A6DD-F7CE-08F2-9B7D7315084E" vid_target="D6A33498-9D83-A8B3-3749-222AA81DA2B5">
<hideElementsInCurrentOnly>false</hideElementsInCurrentOnly>
<backgroundColor>-16777216</backgroundColor>
<lineWidth>1</lineWidth>
<points>
<point x="570" y="575"/>
<point x="645" y="575"/>
<point x="645" y="725"/>
<point x="720" y="725"/>
</points>
</Connector>
<Connector class="oracle.dbtools.crest.swingui.logical.TVRelation" oid="EDA865AB-18D1-1374-BB08-F33A83FF60B0" otype="Relation" vid_source="878CD7CD-50ED-2080-F4E3-92A2DD2C5C2C" vid_target="9FC658D6-D4C9-C714-3D09-1D40B6AE9863">
<hideElementsInCurrentOnly>false</hideElementsInCurrentOnly>
<backgroundColor>-16777216</backgroundColor>
<lineWidth>1</lineWidth>
<points>
<point x="751" y="255"/>
<point x="815" y="255"/>
<point x="815" y="255"/>
<point x="900" y="255"/>
</points>
</Connector>
<Connector class="oracle.dbtools.crest.swingui.logical.TVRelation" oid="F9E90FC4-A737-8E6D-64F3-4F9E1A1E0D99" otype="Relation" vid_source="F38E3567-465F-5C91-9F0F-6D411E892D5F" vid_target="878CD7CD-50ED-2080-F4E3-92A2DD2C5C2C">
<hideElementsInCurrentOnly>false</hideElementsInCurrentOnly>
<backgroundColor>-16777216</backgroundColor>
<lineWidth>1</lineWidth>
<points>
<point x="840" y="325"/>
<point x="840" y="325"/>
<point x="840" y="235"/>
<point x="751" y="235"/>
</points>
</Connector>
</connectors>
<displays>
<Display class="oracle.dbtools.crest.swingui.logical.DPVLogical" name="Display_1" id="E41D2ACD-5063-3EBE-182D-DFA4E5E7C799">
<createdBy>felix</createdBy>
<modifiedBy>felix</modifiedBy>
<createdTime>2025-09-16 00:39:08 UTC</createdTime>
<autoRoute>false</autoRoute>
<boxInbox>true</boxInbox>
<showLegend>false</showLegend>
<showLabels>false</showLabels>
<showRelAttributes>false</showRelAttributes>
<gridEnabled>true</gridEnabled>
<showGrid>false</showGrid>
<diagramColor>-1</diagramColor>
<display>true</display>
<notation>1</notation>
<objectViews>
<OView class="oracle.dbtools.crest.swingui.logical.TVEntity" oid="05AB9000-C3B0-BE97-73FA-7A1183E59A44" otype="Entity" vid="DB9814DD-E1CB-8571-652B-20EFDBF1E7B4">
<hideElementsInCurrentOnly>false</hideElementsInCurrentOnly>
<bounds x="40" y="58" width="129" height="54"/>
</OView>
<OView class="oracle.dbtools.crest.swingui.logical.TVEntity" oid="29CBCAAE-D56A-E217-27AC-F793FC43E862" otype="Entity" vid="375F0C70-2F40-F0A6-6CEF-13FA4A599893">
<hideElementsInCurrentOnly>false</hideElementsInCurrentOnly>
<bounds x="20" y="580" width="137" height="82"/>
</OView>
<OView class="oracle.dbtools.crest.swingui.logical.TVEntity" oid="3EF4389A-A07A-8C6A-43E3-81BC4FF395FB" otype="Entity" vid="1FC72C08-1C4E-63C4-81DE-244EA65EC65C">
<hideElementsInCurrentOnly>false</hideElementsInCurrentOnly>
<bounds x="480" y="210" width="138" height="82"/>
</OView>
<OView class="oracle.dbtools.crest.swingui.logical.TVEntity" oid="4396151B-C67D-93DB-A33B-8219DF3256D3" otype="Entity" vid="997424AE-EC99-105B-025E-B209F99A7EE5">
<hideElementsInCurrentOnly>false</hideElementsInCurrentOnly>
<bounds x="200" y="70" width="114" height="68"/>
</OView>
<OView class="oracle.dbtools.crest.swingui.logical.TVEntity" oid="4BFFE5AB-3B64-4002-8853-5EF1D92AE6B2" otype="Entity" vid="A83110F8-ED5B-C320-4DFA-CFD5663C7226">
<hideElementsInCurrentOnly>false</hideElementsInCurrentOnly>
<bounds x="540" y="20" width="178" height="96"/>
</OView>
<OView class="oracle.dbtools.crest.swingui.logical.TVEntity" oid="6918BC44-52C4-88EB-D20A-D8C9F607AD27" otype="Entity" vid="09633A98-8857-57BD-7FD7-731F2D9EA578">
<hideElementsInCurrentOnly>false</hideElementsInCurrentOnly>
<bounds x="300" y="180" width="129" height="96"/>
</OView>
<OView class="oracle.dbtools.crest.swingui.logical.TVEntity" oid="88491DC8-83F0-2537-3F5A-8FB538EC51E1" otype="Entity" vid="854C8B63-C069-F17A-E32A-1D9B1664062F">
<hideElementsInCurrentOnly>false</hideElementsInCurrentOnly>
<bounds x="164" y="338" width="117" height="42"/>
</OView>
<OView class="oracle.dbtools.crest.swingui.logical.TVEntity" oid="88C9C64C-E154-BADF-EB17-79188886128B" otype="Entity" vid="5466AD4C-BCCD-43FB-07EF-DA6C18EA7F5D">
<hideElementsInCurrentOnly>false</hideElementsInCurrentOnly>
<bounds x="360" y="560" width="160" height="68"/>
</OView>
<OView class="oracle.dbtools.crest.swingui.logical.TVEntity" oid="A2ABE07D-52B5-CA0F-6CCA-0BDB5F91EB57" otype="Entity" vid="7775D8CE-4D0C-D1A9-6B5D-3A7466D8AC6C">
<hideElementsInCurrentOnly>false</hideElementsInCurrentOnly>
<bounds x="360" y="10" width="146" height="96"/>
</OView>
<OView class="oracle.dbtools.crest.swingui.logical.TVEntity" oid="BC5B6EEA-AA0D-7C0A-DD9F-31912AB0259A" otype="Entity" vid="E5F510C1-2C28-7ED4-0A99-2184A786353B">
<hideElementsInCurrentOnly>false</hideElementsInCurrentOnly>
<bounds x="20" y="318" width="282" height="154"/>
</OView>
<OView class="oracle.dbtools.crest.swingui.logical.TVEntity" oid="C941073B-61A9-85B2-E258-C888B3D100A7" otype="Entity" vid="5300FBD9-C2CF-34C7-FA26-98DB04855EDD">
<hideElementsInCurrentOnly>false</hideElementsInCurrentOnly>
<bounds x="164" y="390" width="126" height="70"/>
</OView>
<OView class="oracle.dbtools.crest.swingui.logical.TVEntity" oid="CC0AA8F9-F04F-8818-21BB-799F7A8D3EFB" otype="Entity" vid="1B693664-1446-41F4-9FDD-F4BFF69527DD">
<hideElementsInCurrentOnly>false</hideElementsInCurrentOnly>
<bounds x="36" y="170" width="138" height="54"/>
</OView>
<OView class="oracle.dbtools.crest.swingui.logical.TVEntity" oid="D0DAAEB4-2527-9216-C32F-A0A86F25AFA5" otype="Entity" vid="5DA8B28C-9CC6-FD2C-8E22-2B80388AA4CC">
<hideElementsInCurrentOnly>false</hideElementsInCurrentOnly>
<bounds x="180" y="610" width="132" height="68"/>
</OView>
<OView class="oracle.dbtools.crest.swingui.logical.TVEntity" oid="EF7216EC-BDED-C94F-50F3-3627E3E9276A" otype="Entity" vid="B175A4CF-C25F-7BF7-A925-E01862FA1D13">
<hideElementsInCurrentOnly>false</hideElementsInCurrentOnly>
<bounds x="470" y="350" width="159" height="110"/>
</OView>
</objectViews>
<connectors>
<Connector class="oracle.dbtools.crest.swingui.logical.TVRelation" oid="010DB45D-8147-4595-0FED-A97A41EFACC9" otype="Relation" vid_source="1FC72C08-1C4E-63C4-81DE-244EA65EC65C" vid_target="854C8B63-C069-F17A-E32A-1D9B1664062F">
<hideElementsInCurrentOnly>false</hideElementsInCurrentOnly>
<backgroundColor>-16777216</backgroundColor>
<lineWidth>1</lineWidth>
<points>
<point x="480" y="221"/>
<point x="370" y="221"/>
<point x="370" y="379"/>
<point x="281" y="379"/>
</points>
</Connector>
<Connector class="oracle.dbtools.crest.swingui.logical.TVRelation" oid="14835A0D-8398-F0D3-4940-C1D2FB99E4B9" otype="Relation" vid_source="5466AD4C-BCCD-43FB-07EF-DA6C18EA7F5D" vid_target="B175A4CF-C25F-7BF7-A925-E01862FA1D13">
<hideElementsInCurrentOnly>false</hideElementsInCurrentOnly>
<backgroundColor>-16777216</backgroundColor>
<lineWidth>1</lineWidth>
<points>
<point x="495" y="560"/>
<point x="495" y="460"/>
</points>
</Connector>
<Connector class="oracle.dbtools.crest.swingui.logical.TVInheritanceRelation" oid="1790CD8C-8603-1CBF-5A60-688E034EC835" otype="Hierarchy relation" vid_source="E5F510C1-2C28-7ED4-0A99-2184A786353B" vid_target="5300FBD9-C2CF-34C7-FA26-98DB04855EDD">
<hideElementsInCurrentOnly>false</hideElementsInCurrentOnly>
<backgroundColor>-65536</backgroundColor>
<lineWidth>1</lineWidth>
</Connector>
<Connector class="oracle.dbtools.crest.swingui.logical.TVInheritanceRelation" oid="57065A36-CC26-5D2F-0D68-A2A8FF6C4F17" otype="Hierarchy relation" vid_source="E5F510C1-2C28-7ED4-0A99-2184A786353B" vid_target="854C8B63-C069-F17A-E32A-1D9B1664062F">
<hideElementsInCurrentOnly>false</hideElementsInCurrentOnly>
<backgroundColor>-65536</backgroundColor>
<lineWidth>1</lineWidth>
</Connector>
<Connector class="oracle.dbtools.crest.swingui.logical.TVRelation" oid="6CC31D99-E582-6F47-9E35-29751FC3771F" otype="Relation" vid_source="5300FBD9-C2CF-34C7-FA26-98DB04855EDD" vid_target="5300FBD9-C2CF-34C7-FA26-98DB04855EDD">
<hideElementsInCurrentOnly>false</hideElementsInCurrentOnly>
<backgroundColor>-16777216</backgroundColor>
<lineWidth>1</lineWidth>
<points>
<point x="290" y="431"/>
<point x="315" y="431"/>
<point x="315" y="485"/>
<point x="238" y="485"/>
<point x="238" y="460"/>
</points>
</Connector>
<Connector class="oracle.dbtools.crest.swingui.logical.TVRelation" oid="79361BC1-6EC3-99A0-45A4-028F53878A2E" otype="Relation" vid_source="B175A4CF-C25F-7BF7-A925-E01862FA1D13" vid_target="09633A98-8857-57BD-7FD7-731F2D9EA578">
<hideElementsInCurrentOnly>false</hideElementsInCurrentOnly>
<backgroundColor>-16777216</backgroundColor>
<lineWidth>1</lineWidth>
<points>
<point x="492" y="350"/>
<point x="414" y="276"/>
</points>
</Connector>
<Connector class="oracle.dbtools.crest.swingui.logical.TVRelation" oid="7C8F4F37-D6CB-C679-FF5A-0E55E4565004" otype="Relation" vid_source="5300FBD9-C2CF-34C7-FA26-98DB04855EDD" vid_target="1FC72C08-1C4E-63C4-81DE-244EA65EC65C">
<hideElementsInCurrentOnly>false</hideElementsInCurrentOnly>
<backgroundColor>-16777216</backgroundColor>
<lineWidth>1</lineWidth>
<points>
<point x="290" y="390"/>
<point x="480" y="288"/>
</points>
</Connector>
<Connector class="oracle.dbtools.crest.swingui.logical.TVRelation" oid="7DFCA760-06BA-3368-7CCB-3CF4ED9BFE79" otype="Relation" vid_source="5DA8B28C-9CC6-FD2C-8E22-2B80388AA4CC" vid_target="5300FBD9-C2CF-34C7-FA26-98DB04855EDD">
<hideElementsInCurrentOnly>false</hideElementsInCurrentOnly>
<backgroundColor>-16777216</backgroundColor>
<lineWidth>1</lineWidth>
<points>
<point x="246" y="610"/>
<point x="246" y="534"/>
<point x="217" y="534"/>
<point x="223" y="460"/>
</points>
</Connector>
<Connector class="oracle.dbtools.crest.swingui.logical.TVRelation" oid="8D6B236B-3D29-27D3-D34A-13394035E035" otype="Relation" vid_source="854C8B63-C069-F17A-E32A-1D9B1664062F" vid_target="997424AE-EC99-105B-025E-B209F99A7EE5">
<hideElementsInCurrentOnly>false</hideElementsInCurrentOnly>
<backgroundColor>-16777216</backgroundColor>
<lineWidth>1</lineWidth>
<points>
<point x="232" y="338"/>
<point x="232" y="215"/>
<point x="267" y="215"/>
<point x="267" y="138"/>
</points>
</Connector>
<Connector class="oracle.dbtools.crest.swingui.logical.TVRelation" oid="98045A3F-9A8C-9AF3-AF9F-10B9DBFC49D3" otype="Relation" vid_source="5300FBD9-C2CF-34C7-FA26-98DB04855EDD" vid_target="B175A4CF-C25F-7BF7-A925-E01862FA1D13">
<hideElementsInCurrentOnly>false</hideElementsInCurrentOnly>
<backgroundColor>-16777216</backgroundColor>
<lineWidth>1</lineWidth>
<points>
<point x="290" y="435"/>
<point x="370" y="435"/>
<point x="370" y="375"/>
<point x="470" y="375"/>
</points>
</Connector>
<Connector class="oracle.dbtools.crest.swingui.logical.TVRelation" oid="9991B157-B9E4-1FF2-9899-D51008072FA8" otype="Relation" vid_source="1B693664-1446-41F4-9FDD-F4BFF69527DD" vid_target="854C8B63-C069-F17A-E32A-1D9B1664062F">
<hideElementsInCurrentOnly>false</hideElementsInCurrentOnly>
<backgroundColor>-16777216</backgroundColor>
<lineWidth>1</lineWidth>
<points>
<point x="105" y="224"/>
<point x="105" y="281"/>
<point x="212" y="281"/>
<point x="212" y="338"/>
</points>
</Connector>
<Connector class="oracle.dbtools.crest.swingui.logical.TVRelation" oid="A35E818D-39EC-CCAF-6636-ECA3AD79B62C" otype="Relation" vid_source="1FC72C08-1C4E-63C4-81DE-244EA65EC65C" vid_target="7775D8CE-4D0C-D1A9-6B5D-3A7466D8AC6C">
<hideElementsInCurrentOnly>false</hideElementsInCurrentOnly>
<backgroundColor>-16777216</backgroundColor>
<lineWidth>1</lineWidth>
<points>
<point x="493" y="210"/>
<point x="493" y="106"/>
</points>
</Connector>
<Connector class="oracle.dbtools.crest.swingui.logical.TVRelation" oid="D1CF9167-8847-3888-7BA7-BD53F084DDD0" otype="Relation" vid_source="A83110F8-ED5B-C320-4DFA-CFD5663C7226" vid_target="1FC72C08-1C4E-63C4-81DE-244EA65EC65C">
<hideElementsInCurrentOnly>false</hideElementsInCurrentOnly>
<backgroundColor>-16777216</backgroundColor>
<lineWidth>1</lineWidth>
<points>
<point x="579" y="116"/>
<point x="579" y="210"/>
</points>
</Connector>
<Connector class="oracle.dbtools.crest.swingui.logical.TVRelation" oid="DD6F3685-9B80-1C9D-2E67-C9ED4B81B782" otype="Relation" vid_source="854C8B63-C069-F17A-E32A-1D9B1664062F" vid_target="B175A4CF-C25F-7BF7-A925-E01862FA1D13">
<hideElementsInCurrentOnly>false</hideElementsInCurrentOnly>
<backgroundColor>-16777216</backgroundColor>
<lineWidth>1</lineWidth>
<points>
<point x="281" y="339"/>
<point x="365" y="339"/>
<point x="365" y="415"/>
<point x="470" y="415"/>
</points>
</Connector>
<Connector class="oracle.dbtools.crest.swingui.logical.TVRelation" oid="E586D7E3-316A-49DB-6A3A-B39A4B10DB68" otype="Relation" vid_source="DB9814DD-E1CB-8571-652B-20EFDBF1E7B4" vid_target="1B693664-1446-41F4-9FDD-F4BFF69527DD">
<hideElementsInCurrentOnly>false</hideElementsInCurrentOnly>
<backgroundColor>-16777216</backgroundColor>
<lineWidth>1</lineWidth>
<points>
<point x="104" y="112"/>
<point x="104" y="170"/>
</points>
</Connector>
<Connector class="oracle.dbtools.crest.swingui.logical.TVRelation" oid="E6967AC4-E2D1-AC65-56ED-699E91890F97" otype="Relation" vid_source="B175A4CF-C25F-7BF7-A925-E01862FA1D13" vid_target="1FC72C08-1C4E-63C4-81DE-244EA65EC65C">
<hideElementsInCurrentOnly>false</hideElementsInCurrentOnly>
<backgroundColor>-16777216</backgroundColor>
<lineWidth>1</lineWidth>
<points>
<point x="549" y="350"/>
<point x="549" y="292"/>
</points>
</Connector>
<Connector class="oracle.dbtools.crest.swingui.logical.TVRelation" oid="EDA865AB-18D1-1374-BB08-F33A83FF60B0" otype="Relation" vid_source="5300FBD9-C2CF-34C7-FA26-98DB04855EDD" vid_target="375F0C70-2F40-F0A6-6CEF-13FA4A599893">
<hideElementsInCurrentOnly>false</hideElementsInCurrentOnly>
<backgroundColor>-16777216</backgroundColor>
<lineWidth>1</lineWidth>
<points>
<point x="202" y="460"/>
<point x="117" y="580"/>
</points>
</Connector>
<Connector class="oracle.dbtools.crest.swingui.logical.TVRelation" oid="F9E90FC4-A737-8E6D-64F3-4F9E1A1E0D99" otype="Relation" vid_source="5466AD4C-BCCD-43FB-07EF-DA6C18EA7F5D" vid_target="5300FBD9-C2CF-34C7-FA26-98DB04855EDD">
<hideElementsInCurrentOnly>false</hideElementsInCurrentOnly>
<backgroundColor>-16777216</backgroundColor>
<lineWidth>1</lineWidth>
<points>
<point x="397" y="560"/>
<point x="271" y="460"/>
</points>
</Connector>
</connectors>
</Display>
</displays>
</Diagram>