<?xml version = '1.0' encoding = 'UTF-8'?>
<FKIndexAssociation class="oracle.dbtools.crest.model.design.relational.FKIndexAssociation" directorySegmentName="seg_0" id="1AEB1804-43DA-E6B6-6AF3-5445F3C89799" containerWithKeyObject="13397E3F-CBED-515F-FD66-6EBA393640B2" localFKIndex="87ED7C7D-3527-4BED-A033-D8578ADE47B0" name="POSTULANTE_PROFESION_POSTULANTE_FK">
<createdBy>felix</createdBy>
<createdTime>2025-09-08 17:11:38 UTC</createdTime>
<generatorID>381E487D-0671-21C9-6107-174DE155F4C6</generatorID>
<ownerDesignName>MER_MinTrabajo_SistemaPostulaciones</ownerDesignName>
<referredTableLongName>POSTULANTE</referredTableLongName>
<deleteRule>NO ACTION</deleteRule>
<referredTableID>FA3DC5EF-A15E-06E8-22F2-E90C45BAD5F9</referredTableID>
<keyObject>CC6A5748-204E-292E-9F04-0C3A0AF1BAAD</keyObject>
<referredKeyID>CC6A5748-204E-292E-9F04-0C3A0AF1BAAD</referredKeyID>
<mandatory>true</mandatory>
<refColNames>folio_postulante</refColNames>
<transferable>true</transferable>
<rely>false</rely>
<columnDependencyConstraintGenerateInDDL>true</columnDependencyConstraintGenerateInDDL>
</FKIndexAssociation>