<?xml version = '1.0' encoding = 'UTF-8'?>
<FKIndexAssociation class="oracle.dbtools.crest.model.design.relational.FKIndexAssociation" directorySegmentName="seg_0" id="31694230-0AF9-F85B-7C68-CC1362943FF5" containerWithKeyObject="29DE4091-618D-19F8-9744-A17DA5FA3B4D" localFKIndex="B1BDFB7B-3982-7C93-EC62-A605AD07B71D" name="POSTULACION_POSTULANTE_FK">
<createdBy>felix</createdBy>
<createdTime>2025-09-08 17:11:38 UTC</createdTime>
<generatorID>82597E72-C505-9C21-2FF6-508475C3C233</generatorID>
<ownerDesignName>MER_MinTrabajo_SistemaPostulaciones</ownerDesignName>
<referredTableLongName>POSTULANTE</referredTableLongName>
<deleteRule>NO ACTION</deleteRule>
<referredTableID>FA3DC5EF-A15E-06E8-22F2-E90C45BAD5F9</referredTableID>
<keyObject>CC6A5748-204E-292E-9F04-0C3A0AF1BAAD</keyObject>
<referredKeyID>CC6A5748-204E-292E-9F04-0C3A0AF1BAAD</referredKeyID>
<mandatory>true</mandatory>
<refColNames>folio_postulante</refColNames>
<transferable>true</transferable>
<rely>false</rely>
<columnDependencyConstraintGenerateInDDL>true</columnDependencyConstraintGenerateInDDL>
</FKIndexAssociation>