<?xml version = '1.0' encoding = 'UTF-8'?>
<FKIndexAssociation class="oracle.dbtools.crest.model.design.relational.FKIndexAssociation" directorySegmentName="seg_0" id="3A537D72-BFCE-012F-0CAD-4D6D425E7334" containerWithKeyObject="29DE4091-618D-19F8-9744-A17DA5FA3B4D" localFKIndex="87216741-FC19-9C6E-E908-97022C43CD83" name="POSTULACION_EMPRESA_FK">
<createdBy>felix</createdBy>
<createdTime>2025-09-08 17:11:38 UTC</createdTime>
<generatorID>F9ABADD6-9D97-9514-295B-CA455EA32E18</generatorID>
<ownerDesignName>MER_MinTrabajo_SistemaPostulaciones</ownerDesignName>
<referredTableLongName>EMPRESA</referredTableLongName>
<deleteRule>NO ACTION</deleteRule>
<referredTableID>DE4AD86E-6187-89E1-0556-C7858470FD44</referredTableID>
<keyObject>FA965F1C-9F65-ADAD-4BAC-C5B174B88AA0</keyObject>
<referredKeyID>FA965F1C-9F65-ADAD-4BAC-C5B174B88AA0</referredKeyID>
<mandatory>true</mandatory>
<refColNames>id_empresa</refColNames>
<transferable>true</transferable>
<rely>false</rely>
<columnDependencyConstraintGenerateInDDL>true</columnDependencyConstraintGenerateInDDL>
</FKIndexAssociation>