<?xml version = '1.0' encoding = 'UTF-8'?>
<FKIndexAssociation class="oracle.dbtools.crest.model.design.relational.FKIndexAssociation" directorySegmentName="seg_0" id="5018B6BF-A352-3A19-1AD5-E5DD94E43C48" containerWithKeyObject="9135FB5D-F9EC-1561-8198-CC6BE904C55D" localFKIndex="33AA00F9-CC16-E77D-E7F8-C1665F2E642D" name="POSTULANTE_GRADO_POSTULANTE_FK">
<createdBy>felix</createdBy>
<createdTime>2025-09-08 17:11:38 UTC</createdTime>
<generatorID>C940E40F-8B2C-2334-32BA-4A1C52729FBF</generatorID>
<ownerDesignName>MER_MinTrabajo_SistemaPostulaciones</ownerDesignName>
<referredTableLongName>POSTULANTE</referredTableLongName>
<deleteRule>NO ACTION</deleteRule>
<referredTableID>FA3DC5EF-A15E-06E8-22F2-E90C45BAD5F9</referredTableID>
<keyObject>CC6A5748-204E-292E-9F04-0C3A0AF1BAAD</keyObject>
<referredKeyID>CC6A5748-204E-292E-9F04-0C3A0AF1BAAD</referredKeyID>
<mandatory>true</mandatory>
<refColNames>folio_postulante</refColNames>
<transferable>true</transferable>
<rely>false</rely>
<columnDependencyConstraintGenerateInDDL>true</columnDependencyConstraintGenerateInDDL>
</FKIndexAssociation>