<?xml version = '1.0' encoding = 'UTF-8'?>
<FKIndexAssociation class="oracle.dbtools.crest.model.design.relational.FKIndexAssociation" directorySegmentName="seg_0" id="51A2C51C-93D6-45A9-176E-717F2004EE02" containerWithKeyObject="DE4AD86E-6187-89E1-0556-C7858470FD44" localFKIndex="4FB63714-9DC7-2A93-47EA-02152534EB68" name="EMPRESA_CIUDAD_FK">
<createdBy>felix</createdBy>
<createdTime>2025-09-08 17:11:38 UTC</createdTime>
<generatorID>C8E0B9DE-1334-9E25-874A-CBB83D7879E1</generatorID>
<ownerDesignName>MER_MinTrabajo_SistemaPostulaciones</ownerDesignName>
<referredTableLongName>CIUDAD</referredTableLongName>
<deleteRule>NO ACTION</deleteRule>
<referredTableID>00822426-EEF9-2B04-1C03-92235F0A4ECE</referredTableID>
<keyObject>3E5C104F-8D4B-9EC3-BBA2-0D3A279339F0</keyObject>
<referredKeyID>3E5C104F-8D4B-9EC3-BBA2-0D3A279339F0</referredKeyID>
<mandatory>true</mandatory>
<refColNames>id_ciudad</refColNames>
<transferable>true</transferable>
<rely>false</rely>
<columnDependencyConstraintGenerateInDDL>true</columnDependencyConstraintGenerateInDDL>
</FKIndexAssociation>