<?xml version = '1.0' encoding = 'UTF-8'?>
<FKIndexAssociation class="oracle.dbtools.crest.model.design.relational.FKIndexAssociation" directorySegmentName="seg_0" id="65455C55-7198-4D8A-6FF4-7EFEF49800A0" containerWithKeyObject="E8E04C87-60B3-60D1-6878-B4389215551A" localFKIndex="A4FBA743-CE55-F83C-F827-55C614225C48" name="POSTULANTE_IDIOMA_IDIOMA_FK">
<createdBy>felix</createdBy>
<createdTime>2025-09-08 17:11:38 UTC</createdTime>
<generatorID>7E701C0A-FF32-1F85-ACD6-9E03E4421852</generatorID>
<ownerDesignName>MER_MinTrabajo_SistemaPostulaciones</ownerDesignName>
<referredTableLongName>IDIOMA</referredTableLongName>
<deleteRule>NO ACTION</deleteRule>
<referredTableID>7E0C2A7F-C294-EB48-3B1F-0858F8A10580</referredTableID>
<keyObject>5B5FD258-FE56-AAD7-C7A7-FF9419CBBDD6</keyObject>
<referredKeyID>5B5FD258-FE56-AAD7-C7A7-FF9419CBBDD6</referredKeyID>
<mandatory>true</mandatory>
<refColNames>id_idioma</refColNames>
<transferable>true</transferable>
<rely>false</rely>
<columnDependencyConstraintGenerateInDDL>true</columnDependencyConstraintGenerateInDDL>
</FKIndexAssociation>