<?xml version = '1.0' encoding = 'UTF-8'?>
<FKIndexAssociation class="oracle.dbtools.crest.model.design.relational.FKIndexAssociation" directorySegmentName="seg_0" id="9606015A-A4BB-C442-EC55-08A63823386C" containerWithKeyObject="E8E04C87-60B3-60D1-6878-B4389215551A" localFKIndex="E252A24F-76E5-FD42-46D0-1951540E6457" name="POSTULANTE_IDIOMA_POSTULANTE_FK">
<createdBy>felix</createdBy>
<createdTime>2025-09-08 17:11:38 UTC</createdTime>
<generatorID>C06B29BC-2427-DF3A-D227-8E84BDF083A1</generatorID>
<ownerDesignName>MER_MinTrabajo_SistemaPostulaciones</ownerDesignName>
<referredTableLongName>POSTULANTE</referredTableLongName>
<deleteRule>NO ACTION</deleteRule>
<referredTableID>FA3DC5EF-A15E-06E8-22F2-E90C45BAD5F9</referredTableID>
<keyObject>CC6A5748-204E-292E-9F04-0C3A0AF1BAAD</keyObject>
<referredKeyID>CC6A5748-204E-292E-9F04-0C3A0AF1BAAD</referredKeyID>
<mandatory>true</mandatory>
<refColNames>folio_postulante</refColNames>
<transferable>true</transferable>
<rely>false</rely>
<columnDependencyConstraintGenerateInDDL>true</columnDependencyConstraintGenerateInDDL>
</FKIndexAssociation>