<?xml version = '1.0' encoding = 'UTF-8'?>
<FKIndexAssociation class="oracle.dbtools.crest.model.design.relational.FKIndexAssociation" directorySegmentName="seg_0" id="9A5F50A7-3B44-5343-214F-662031868A5C" containerWithKeyObject="FA3DC5EF-A15E-06E8-22F2-E90C45BAD5F9" localFKIndex="69316E67-C6C4-2098-D6F3-FE1ED84F9252" name="POSTULANTE_PAIS_FK">
<createdBy>felix</createdBy>
<createdTime>2025-09-08 17:11:38 UTC</createdTime>
<generatorID>21B8100E-E410-6C4F-0EFE-1E1C40CE828C</generatorID>
<ownerDesignName>MER_MinTrabajo_SistemaPostulaciones</ownerDesignName>
<referredTableLongName>PAIS</referredTableLongName>
<deleteRule>NO ACTION</deleteRule>
<referredTableID>2BBAD9F6-25CA-55B7-B2C7-EC65EF0C7C18</referredTableID>
<keyObject>0339A483-D4E6-9F3A-D0EE-9B4B73FFC7FC</keyObject>
<referredKeyID>0339A483-D4E6-9F3A-D0EE-9B4B73FFC7FC</referredKeyID>
<mandatory>true</mandatory>
<refColNames>id_pais</refColNames>
<transferable>true</transferable>
<rely>false</rely>
<columnDependencyConstraintGenerateInDDL>true</columnDependencyConstraintGenerateInDDL>
</FKIndexAssociation>