<?xml version = '1.0' encoding = 'UTF-8'?>
<FKIndexAssociation class="oracle.dbtools.crest.model.design.relational.FKIndexAssociation" directorySegmentName="seg_0" id="AE6983F8-C84B-36C1-052B-BE470ACB6C96" containerWithKeyObject="00822426-EEF9-2B04-1C03-92235F0A4ECE" localFKIndex="C42AC80A-E6EF-5773-67EA-B2F4ABADDC11" name="CIUDAD_PAIS_FK">
<createdBy>felix</createdBy>
<createdTime>2025-09-08 17:11:38 UTC</createdTime>
<generatorID>CFE90370-1C4E-F0B8-7CA0-60F2A0D16A8C</generatorID>
<ownerDesignName>MER_MinTrabajo_SistemaPostulaciones</ownerDesignName>
<referredTableLongName>PAIS</referredTableLongName>
<deleteRule>NO ACTION</deleteRule>
<referredTableID>2BBAD9F6-25CA-55B7-B2C7-EC65EF0C7C18</referredTableID>
<keyObject>0339A483-D4E6-9F3A-D0EE-9B4B73FFC7FC</keyObject>
<referredKeyID>0339A483-D4E6-9F3A-D0EE-9B4B73FFC7FC</referredKeyID>
<mandatory>true</mandatory>
<refColNames>id_pais</refColNames>
<transferable>true</transferable>
<rely>false</rely>
<columnDependencyConstraintGenerateInDDL>true</columnDependencyConstraintGenerateInDDL>
</FKIndexAssociation>