<?xml version = '1.0' encoding = 'UTF-8'?>
<FKIndexAssociation class="oracle.dbtools.crest.model.design.relational.FKIndexAssociation" directorySegmentName="seg_0" id="C8CEF5BE-F455-02C4-C8E7-6464D2DD21AD" containerWithKeyObject="9135FB5D-F9EC-1561-8198-CC6BE904C55D" localFKIndex="ADAB5B38-5684-BD3F-2567-40C0002F0903" name="POSTULANTE_GRADO_GRADO_ACADEMICO_FK">
<createdBy>felix</createdBy>
<createdTime>2025-09-08 17:11:38 UTC</createdTime>
<generatorID>15F148CD-27A4-D3C4-A455-ED081E770AB1</generatorID>
<ownerDesignName>MER_MinTrabajo_SistemaPostulaciones</ownerDesignName>
<referredTableLongName>GRADO_ACADEMICO</referredTableLongName>
<deleteRule>NO ACTION</deleteRule>
<referredTableID>943CBAC9-7C1A-6CDE-A46B-34FF72CF0FC0</referredTableID>
<keyObject>010F46D7-B7C8-0991-71CC-2005A92CAFE0</keyObject>
<referredKeyID>010F46D7-B7C8-0991-71CC-2005A92CAFE0</referredKeyID>
<mandatory>true</mandatory>
<refColNames>id_grado</refColNames>
<transferable>true</transferable>
<rely>false</rely>
<columnDependencyConstraintGenerateInDDL>true</columnDependencyConstraintGenerateInDDL>
</FKIndexAssociation>