<?xml version = '1.0' encoding = 'UTF-8'?>
<FKIndexAssociation class="oracle.dbtools.crest.model.design.relational.FKIndexAssociation" directorySegmentName="seg_0" id="E780FF2A-B7E8-3246-86B4-B4AA4DCC31A3" containerWithKeyObject="13397E3F-CBED-515F-FD66-6EBA393640B2" localFKIndex="1AE028CB-ADDD-CB46-77E3-1418334EEA8D" name="POSTULANTE_PROFESION_PROFESION_FK">
<createdBy>felix</createdBy>
<createdTime>2025-09-08 17:11:38 UTC</createdTime>
<generatorID>FAF102AD-C8F5-4E3F-8317-D91B9107F396</generatorID>
<ownerDesignName>MER_MinTrabajo_SistemaPostulaciones</ownerDesignName>
<referredTableLongName>PROFESION</referredTableLongName>
<deleteRule>NO ACTION</deleteRule>
<referredTableID>68925C58-B217-6B04-27E8-A2A174F636D4</referredTableID>
<keyObject>D0561063-A017-B6EC-04DD-EC5A02AA010A</keyObject>
<referredKeyID>D0561063-A017-B6EC-04DD-EC5A02AA010A</referredKeyID>
<mandatory>true</mandatory>
<refColNames>id_profesion</refColNames>
<transferable>true</transferable>
<rely>false</rely>
<columnDependencyConstraintGenerateInDDL>true</columnDependencyConstraintGenerateInDDL>
</FKIndexAssociation>