<?xml version = '1.0' encoding = 'UTF-8'?>
<FKIndexAssociation class="oracle.dbtools.crest.model.design.relational.FKIndexAssociation" directorySegmentName="seg_0" id="F0A2219F-A451-AD12-7524-74FD01CEE0B3" containerWithKeyObject="DE4AD86E-6187-89E1-0556-C7858470FD44" localFKIndex="3F73DCD7-D1CE-B24B-5911-218E14CE40B4" name="EMPRESA_PAIS_FK">
<createdBy>felix</createdBy>
<createdTime>2025-09-08 17:11:38 UTC</createdTime>
<generatorID>1DE9249A-3690-BA66-889C-11F13AC9FF01</generatorID>
<ownerDesignName>MER_MinTrabajo_SistemaPostulaciones</ownerDesignName>
<referredTableLongName>PAIS</referredTableLongName>
<deleteRule>NO ACTION</deleteRule>
<referredTableID>2BBAD9F6-25CA-55B7-B2C7-EC65EF0C7C18</referredTableID>
<keyObject>0339A483-D4E6-9F3A-D0EE-9B4B73FFC7FC</keyObject>
<referredKeyID>0339A483-D4E6-9F3A-D0EE-9B4B73FFC7FC</referredKeyID>
<mandatory>true</mandatory>
<refColNames>id_pais</refColNames>
<transferable>true</transferable>
<rely>false</rely>
<columnDependencyConstraintGenerateInDDL>true</columnDependencyConstraintGenerateInDDL>
</FKIndexAssociation>