<?xml version = '1.0' encoding = 'UTF-8'?>
<relationalModel class="oracle.dbtools.crest.model.design.relational.RelationalDesign" name="Relational_1" id="A81F3144-AFF9-F54B-5382-78811DA52A37" mainViewID="23264D1A-8DBA-BED8-018A-A03165EE64D4">
<createdBy>felix</createdBy>
<createdTime>2025-09-16 01:53:08 UTC</createdTime>
<ownerDesignName>MER_Gestión_Médica_Laboratorio</ownerDesignName>
<shouldBeOpen>false</shouldBeOpen>
<selectedRDBMSSite>32076570-2523-435C-2E92-BF29817DFF70</selectedRDBMSSite>
</relationalModel>