<?xml version = '1.0' encoding = 'UTF-8'?>
<Diagram class="oracle.dbtools.crest.swingui.logical.DPVLogical" name="Logical" id="9142A1FD-52ED-DEBD-4C65-58DD245E014C">
<createdBy>felix</createdBy>
<modifiedBy>felix</modifiedBy>
<createdTime>2025-08-18 06:53:52 UTC</createdTime>
<autoRoute>false</autoRoute>
<boxInbox>true</boxInbox>
<showLegend>false</showLegend>
<showLabels>false</showLabels>
<showRelAttributes>false</showRelAttributes>
<gridEnabled>false</gridEnabled>
<showGrid>false</showGrid>
<diagramColor>-1</diagramColor>
<display>false</display>
<notation>0</notation>
<objectViews>
<OView class="oracle.dbtools.crest.swingui.logical.TVEntity" oid="0209BD4F-A543-17C4-3611-9B20B0F4D945" otype="Entity" vid="4388E841-7093-FAC9-AE90-47B3767FFE9A">
<hideElementsInCurrentOnly>false</hideElementsInCurrentOnly>
<bounds x="292" y="50" width="170" height="110"/>
</OView>
<OView class="oracle.dbtools.crest.swingui.logical.TVEntity" oid="23CA99D7-36E2-6E12-8EF7-9FC46D54E534" otype="Entity" vid="C68AA663-44C0-323D-E5F9-65B9B2ABE942">
<hideElementsInCurrentOnly>false</hideElementsInCurrentOnly>
<bounds x="289" y="287" width="170" height="110"/>
</OView>
<OView class="oracle.dbtools.crest.swingui.logical.TVEntity" oid="44C2BBA8-5D47-BA79-A7E6-B8DFE1DF9045" otype="Entity" vid="98E68EE3-A676-C183-808D-78FACD8535F4">
<hideElementsInCurrentOnly>false</hideElementsInCurrentOnly>
<bounds x="639" y="47" width="177" height="138"/>
</OView>
<OView class="oracle.dbtools.crest.swingui.logical.TVEntity" oid="B93B11EC-2ADB-B966-8560-202EBB1F48B2" otype="Entity" vid="29492754-7CEB-A59A-B5A9-45EF3E9DC70B">
<hideElementsInCurrentOnly>false</hideElementsInCurrentOnly>
<bounds x="645" y="285" width="170" height="110"/>
</OView>
</objectViews>
</Diagram>