<?xml version = '1.0' encoding = 'UTF-8'?>
<Entity class="oracle.dbtools.crest.model.design.logical.Entity" directorySegmentName="seg_0" id="56DE5090-9C25-C9A0-8568-68FAB8B0530E" name="POSTULACION">
<createdBy>felix</createdBy>
<createdTime>2025-09-08 14:33:06 UTC</createdTime>
<ownerDesignName>MER_MinTrabajo_SistemaPostulaciones</ownerDesignName>
<engineerTo>
<item key="4394A096-4849-7B3A-4651-DF85B86FDBE8" value="true"/>
</engineerTo>
<adequatelyNormalized>NO</adequatelyNormalized>
<expectedVolumes>0</expectedVolumes>
<fwdEngineeringStrategyName>Single Table</fwdEngineeringStrategyName>
<growthPercent>0</growthPercent>
<growthType>Year</growthType>
<maxVolumes>9999999</maxVolumes>
<minVolumes>0</minVolumes>
<normalForm>Third</normalForm>
<attributes itemClass="oracle.dbtools.crest.model.design.logical.Attribute">
<Attribute name="fecha_postulacion" id="4210D6F5-35F9-D28B-5129-5F3FAD5EB343">
<createdBy>felix</createdBy>
<createdTime>2025-09-08 14:33:23 UTC</createdTime>
<ownerDesignName>MER_MinTrabajo_SistemaPostulaciones</ownerDesignName>
<engineerTo>
<item key="4394A096-4849-7B3A-4651-DF85B86FDBE8" value="true"/>
</engineerTo>
<useDomainConstraints>false</useDomainConstraints>
<use>1</use>
<logicalDatatype>LOGDT007</logicalDatatype>
<ownDataTypeParameters>,,</ownDataTypeParameters>
</Attribute>
<Attribute name="pretension_renta" id="48573F07-26C7-294B-A376-83B723D04600">
<createdBy>felix</createdBy>
<createdTime>2025-09-08 14:33:35 UTC</createdTime>
<ownerDesignName>MER_MinTrabajo_SistemaPostulaciones</ownerDesignName>
<engineerTo>
<item key="4394A096-4849-7B3A-4651-DF85B86FDBE8" value="true"/>
</engineerTo>
<nullsAllowed>true</nullsAllowed>
<useDomainConstraints>false</useDomainConstraints>
<use>1</use>
<logicalDatatype>LOGDT019</logicalDatatype>
<ownDataTypeParameters>,,</ownDataTypeParameters>
</Attribute>
<Attribute name="nivel_idioma" id="135B8A31-00F4-8B3A-9441-A8C67B97C5B2">
<createdBy>felix</createdBy>
<createdTime>2025-09-08 14:34:09 UTC</createdTime>
<ownerDesignName>MER_MinTrabajo_SistemaPostulaciones</ownerDesignName>
<engineerTo>
<item key="4394A096-4849-7B3A-4651-DF85B86FDBE8" value="true"/>
</engineerTo>
<nullsAllowed>true</nullsAllowed>
<useDomainConstraints>false</useDomainConstraints>
<use>1</use>
<logicalDatatype>LOGDT024</logicalDatatype>
<dataTypeSize>50</dataTypeSize>
<ownDataTypeParameters>50,,</ownDataTypeParameters>
</Attribute>
<Attribute name="fecha_visa" id="08189E07-83F5-920C-11EA-A19476EC6BFD">
<createdBy>felix</createdBy>
<createdTime>2025-09-08 14:34:40 UTC</createdTime>
<ownerDesignName>MER_MinTrabajo_SistemaPostulaciones</ownerDesignName>
<engineerTo>
<item key="4394A096-4849-7B3A-4651-DF85B86FDBE8" value="true"/>
</engineerTo>
<nullsAllowed>true</nullsAllowed>
<useDomainConstraints>false</useDomainConstraints>
<use>1</use>
<logicalDatatype>LOGDT007</logicalDatatype>
<ownDataTypeParameters>,,</ownDataTypeParameters>
</Attribute>
<Attribute name="id_visa" id="41A31B24-BE86-4626-2A0D-7C657C604299">
<createdBy>felix</createdBy>
<createdTime>2025-09-08 14:35:19 UTC</createdTime>
<ownerDesignName>MER_MinTrabajo_SistemaPostulaciones</ownerDesignName>
<engineerTo>
<item key="4394A096-4849-7B3A-4651-DF85B86FDBE8" value="true"/>
</engineerTo>
<nullsAllowed>true</nullsAllowed>
<useDomainConstraints>false</useDomainConstraints>
<use>1</use>
<logicalDatatype>LOGDT024</logicalDatatype>
<dataTypeSize>13</dataTypeSize>
<ownDataTypeParameters>13,,</ownDataTypeParameters>
</Attribute>
<Attribute name="folio_postulante" id="68E336FB-F495-843A-5E67-F91EE0B159A6">
<createdBy>felix</createdBy>
<createdTime>2025-09-08 16:42:14 UTC</createdTime>
<generatorID>82597E72-C505-9C21-2FF6-508475C3C233</generatorID>
<ownerDesignName>MER_MinTrabajo_SistemaPostulaciones</ownerDesignName>
<engineerTo>
<item key="4394A096-4849-7B3A-4651-DF85B86FDBE8" value="true"/>
</engineerTo>
<referedAttribute>BBC94B95-D91D-442D-12FD-69165BB593C3</referedAttribute>
<useDomainConstraints>false</useDomainConstraints>
<use>1</use>
<logicalDatatype>LOGDT019</logicalDatatype>
<dataTypePrecision>20</dataTypePrecision>
<ownDataTypeParameters>,,</ownDataTypeParameters>
</Attribute>
<Attribute name="id_empresa" id="234E7D11-1424-863C-CA76-8830A9FFE9DD">
<createdBy>felix</createdBy>
<createdTime>2025-09-08 16:42:37 UTC</createdTime>
<generatorID>F9ABADD6-9D97-9514-295B-CA455EA32E18</generatorID>
<ownerDesignName>MER_MinTrabajo_SistemaPostulaciones</ownerDesignName>
<engineerTo>
<item key="4394A096-4849-7B3A-4651-DF85B86FDBE8" value="true"/>
</engineerTo>
<referedAttribute>3ED0987A-8BF6-C6A9-9259-ED0935B71440</referedAttribute>
<useDomainConstraints>false</useDomainConstraints>
<use>1</use>
<logicalDatatype>LOGDT019</logicalDatatype>
<ownDataTypeParameters>,,</ownDataTypeParameters>
</Attribute>
</attributes>
<identifiers itemClass="oracle.dbtools.crest.model.design.logical.CandidateKey">
<identifier id="96C8CD35-8A61-D593-D213-814E2299B9AF" name="postulacion_pk">
<createdBy>felix</createdBy>
<createdTime>2025-09-08 15:20:50 UTC</createdTime>
<ownerDesignName>MER_MinTrabajo_SistemaPostulaciones</ownerDesignName>
<engineerTo>
<item key="4394A096-4849-7B3A-4651-DF85B86FDBE8" value="true"/>
</engineerTo>
<pk>true</pk>
<newElementsIDs>68E336FB-F495-843A-5E67-F91EE0B159A6,234E7D11-1424-863C-CA76-8830A9FFE9DD</newElementsIDs>
<usedAttributes>
<attributeRef>68E336FB-F495-843A-5E67-F91EE0B159A6</attributeRef>
<attributeRef>234E7D11-1424-863C-CA76-8830A9FFE9DD</attributeRef>
</usedAttributes>
</identifier>
</identifiers>
</Entity>