<?xml version = '1.0' encoding = 'UTF-8'?>
<Entity class="oracle.dbtools.crest.model.design.logical.Entity" directorySegmentName="seg_0" id="83C260E3-70A1-42CE-C63A-A2549E09A096" name="POSTULANTE_PROFESION">
<createdBy>felix</createdBy>
<createdTime>2025-09-08 14:36:55 UTC</createdTime>
<comment><![CDATA[Restricción de negocio: Un postulante puede tener máximo 2 profesiones]]></comment>
<ownerDesignName>MER_MinTrabajo_SistemaPostulaciones</ownerDesignName>
<engineerTo>
<item key="4394A096-4849-7B3A-4651-DF85B86FDBE8" value="true"/>
</engineerTo>
<adequatelyNormalized>NO</adequatelyNormalized>
<expectedVolumes>0</expectedVolumes>
<fwdEngineeringStrategyName>Single Table</fwdEngineeringStrategyName>
<growthPercent>0</growthPercent>
<growthType>Year</growthType>
<maxVolumes>9999999</maxVolumes>
<minVolumes>0</minVolumes>
<normalForm>Third</normalForm>
<documents usedDucuments="CACAA8F2-F44A-C967-3AC5-D261A10AA116"/>
<attributes itemClass="oracle.dbtools.crest.model.design.logical.Attribute">
<Attribute name="fecha_obtencion_titulo" id="B3397555-6483-751E-D966-88580F68A219">
<createdBy>felix</createdBy>
<createdTime>2025-09-08 14:37:33 UTC</createdTime>
<ownerDesignName>MER_MinTrabajo_SistemaPostulaciones</ownerDesignName>
<engineerTo>
<item key="4394A096-4849-7B3A-4651-DF85B86FDBE8" value="true"/>
</engineerTo>
<useDomainConstraints>false</useDomainConstraints>
<use>1</use>
<logicalDatatype>LOGDT007</logicalDatatype>
<ownDataTypeParameters>,,</ownDataTypeParameters>
</Attribute>
<Attribute name="folio_postulante" id="F8DEB228-024E-B0A3-4BFD-08119B884D52">
<createdBy>felix</createdBy>
<createdTime>2025-09-08 15:22:07 UTC</createdTime>
<generatorID>381E487D-0671-21C9-6107-174DE155F4C6</generatorID>
<ownerDesignName>MER_MinTrabajo_SistemaPostulaciones</ownerDesignName>
<engineerTo>
<item key="4394A096-4849-7B3A-4651-DF85B86FDBE8" value="true"/>
</engineerTo>
<referedAttribute>BBC94B95-D91D-442D-12FD-69165BB593C3</referedAttribute>
<useDomainConstraints>false</useDomainConstraints>
<use>1</use>
<logicalDatatype>LOGDT019</logicalDatatype>
<dataTypePrecision>20</dataTypePrecision>
<ownDataTypeParameters>,,</ownDataTypeParameters>
</Attribute>
<Attribute name="id_profesion" id="42CA51D0-85A3-8972-DD55-F740D7EF3EE4">
<createdBy>felix</createdBy>
<createdTime>2025-09-08 15:22:42 UTC</createdTime>
<generatorID>FAF102AD-C8F5-4E3F-8317-D91B9107F396</generatorID>
<ownerDesignName>MER_MinTrabajo_SistemaPostulaciones</ownerDesignName>
<engineerTo>
<item key="4394A096-4849-7B3A-4651-DF85B86FDBE8" value="true"/>
</engineerTo>
<referedAttribute>8486D9C5-2300-890C-4764-8F62B80D17BB</referedAttribute>
<useDomainConstraints>false</useDomainConstraints>
<use>1</use>
<logicalDatatype>LOGDT019</logicalDatatype>
<ownDataTypeParameters>,,</ownDataTypeParameters>
</Attribute>
</attributes>
<identifiers itemClass="oracle.dbtools.crest.model.design.logical.CandidateKey">
<identifier id="2B90032A-A854-992E-ADAF-2B16EE79D4C8" name="POSTULANTE_PROFESION PK">
<createdBy>felix</createdBy>
<createdTime>2025-09-08 15:22:23 UTC</createdTime>
<ownerDesignName>MER_MinTrabajo_SistemaPostulaciones</ownerDesignName>
<engineerTo>
<item key="4394A096-4849-7B3A-4651-DF85B86FDBE8" value="true"/>
</engineerTo>
<pk>true</pk>
<usedAttributes>
<attributeRef>F8DEB228-024E-B0A3-4BFD-08119B884D52</attributeRef>
<attributeRef>42CA51D0-85A3-8972-DD55-F740D7EF3EE4</attributeRef>
</usedAttributes>
</identifier>
</identifiers>
</Entity>