<?xml version = '1.0' encoding = 'UTF-8'?>
<Entity class="oracle.dbtools.crest.model.design.logical.Entity" directorySegmentName="seg_0" id="B267AF72-10A2-740F-454A-FF9E1CBA2815" name="EMPRESA">
<createdBy>felix</createdBy>
<createdTime>2025-09-08 14:23:06 UTC</createdTime>
<ownerDesignName>MER_MinTrabajo_SistemaPostulaciones</ownerDesignName>
<engineerTo>
<item key="E89CB065-A639-A787-63E2-8985328B8EFC" value="true"/>
</engineerTo>
<adequatelyNormalized>NO</adequatelyNormalized>
<expectedVolumes>0</expectedVolumes>
<fwdEngineeringStrategyName>Single Table</fwdEngineeringStrategyName>
<growthPercent>0</growthPercent>
<growthType>Year</growthType>
<maxVolumes>9999999</maxVolumes>
<minVolumes>0</minVolumes>
<normalForm>Third</normalForm>
<attributes itemClass="oracle.dbtools.crest.model.design.logical.Attribute">
<Attribute name="id_empresa" id="3ED0987A-8BF6-C6A9-9259-ED0935B71440">
<createdBy>felix</createdBy>
<createdTime>2025-09-08 14:23:15 UTC</createdTime>
<ownerDesignName>MER_MinTrabajo_SistemaPostulaciones</ownerDesignName>
<engineerTo>
<item key="E89CB065-A639-A787-63E2-8985328B8EFC" value="true"/>
</engineerTo>
<useDomainConstraints>false</useDomainConstraints>
<use>1</use>
<logicalDatatype>LOGDT019</logicalDatatype>
<ownDataTypeParameters>,,</ownDataTypeParameters>
</Attribute>
<Attribute name="sigla" id="09BAD2BC-1ACD-ED84-4F57-A89E3AA879FD">
<createdBy>felix</createdBy>
<createdTime>2025-09-08 14:24:13 UTC</createdTime>
<ownerDesignName>MER_MinTrabajo_SistemaPostulaciones</ownerDesignName>
<engineerTo>
<item key="E89CB065-A639-A787-63E2-8985328B8EFC" value="true"/>
</engineerTo>
<useDomainConstraints>false</useDomainConstraints>
<use>1</use>
<logicalDatatype>LOGDT024</logicalDatatype>
<dataTypeSize>10</dataTypeSize>
<ownDataTypeParameters>10,,</ownDataTypeParameters>
</Attribute>
<Attribute name="correlativo" id="E56019D2-9B66-EDBD-8A48-84404286F413">
<createdBy>felix</createdBy>
<createdTime>2025-09-08 14:24:37 UTC</createdTime>
<ownerDesignName>MER_MinTrabajo_SistemaPostulaciones</ownerDesignName>
<engineerTo>
<item key="E89CB065-A639-A787-63E2-8985328B8EFC" value="true"/>
</engineerTo>
<useDomainConstraints>false</useDomainConstraints>
<use>1</use>
<logicalDatatype>LOGDT019</logicalDatatype>
<ownDataTypeParameters>,,</ownDataTypeParameters>
</Attribute>
<Attribute name="nombre_empresa" id="418E6E0B-24CE-89ED-2A7D-5074657FE60B">
<createdBy>felix</createdBy>
<createdTime>2025-09-08 14:25:06 UTC</createdTime>
<ownerDesignName>MER_MinTrabajo_SistemaPostulaciones</ownerDesignName>
<engineerTo>
<item key="E89CB065-A639-A787-63E2-8985328B8EFC" value="true"/>
</engineerTo>
<useDomainConstraints>false</useDomainConstraints>
<use>1</use>
<logicalDatatype>LOGDT024</logicalDatatype>
<dataTypeSize>100</dataTypeSize>
<ownDataTypeParameters>100,,</ownDataTypeParameters>
</Attribute>
<Attribute name="direccion" id="3FE54863-DC68-A679-1759-59A6685322A9">
<createdBy>felix</createdBy>
<createdTime>2025-09-08 14:25:32 UTC</createdTime>
<ownerDesignName>MER_MinTrabajo_SistemaPostulaciones</ownerDesignName>
<engineerTo>
<item key="E89CB065-A639-A787-63E2-8985328B8EFC" value="true"/>
</engineerTo>
<useDomainConstraints>false</useDomainConstraints>
<use>1</use>
<logicalDatatype>LOGDT024</logicalDatatype>
<dataTypeSize>200</dataTypeSize>
<ownDataTypeParameters>200,,</ownDataTypeParameters>
</Attribute>
<Attribute name="remuneracion_maxima" id="166A9085-12F0-4410-F433-53DCBA318EF7">
<createdBy>felix</createdBy>
<createdTime>2025-09-08 14:25:52 UTC</createdTime>
<ownerDesignName>MER_MinTrabajo_SistemaPostulaciones</ownerDesignName>
<engineerTo>
<item key="E89CB065-A639-A787-63E2-8985328B8EFC" value="true"/>
</engineerTo>
<useDomainConstraints>false</useDomainConstraints>
<use>1</use>
<logicalDatatype>LOGDT019</logicalDatatype>
<ownDataTypeParameters>,,</ownDataTypeParameters>
</Attribute>
<Attribute name="moneda" id="0F1E6A23-B765-AE65-E746-B9942B5C1231">
<createdBy>felix</createdBy>
<createdTime>2025-09-08 14:26:18 UTC</createdTime>
<ownerDesignName>MER_MinTrabajo_SistemaPostulaciones</ownerDesignName>
<engineerTo>
<item key="E89CB065-A639-A787-63E2-8985328B8EFC" value="true"/>
</engineerTo>
<useDomainConstraints>false</useDomainConstraints>
<use>1</use>
<logicalDatatype>LOGDT024</logicalDatatype>
<dataTypeSize>20</dataTypeSize>
<ownDataTypeParameters>20,,</ownDataTypeParameters>
</Attribute>
<Attribute name="id_pais" id="21F35037-AB43-9B39-E453-8ACC675F83BE">
<createdBy>felix</createdBy>
<createdTime>2025-09-08 15:00:44 UTC</createdTime>
<generatorID>1DE9249A-3690-BA66-889C-11F13AC9FF01</generatorID>
<ownerDesignName>MER_MinTrabajo_SistemaPostulaciones</ownerDesignName>
<engineerTo>
<item key="E89CB065-A639-A787-63E2-8985328B8EFC" value="true"/>
</engineerTo>
<referedAttribute>53C46E3D-9072-93AA-B92C-14664E0FBD59</referedAttribute>
<useDomainConstraints>false</useDomainConstraints>
<use>1</use>
<logicalDatatype>LOGDT019</logicalDatatype>
<ownDataTypeParameters>,,</ownDataTypeParameters>
</Attribute>
<Attribute name="id_ciudad" id="062A5E70-0B12-E13B-4BC4-24A0676D3F03">
<createdBy>felix</createdBy>
<createdTime>2025-09-08 15:01:39 UTC</createdTime>
<generatorID>C8E0B9DE-1334-9E25-874A-CBB83D7879E1</generatorID>
<ownerDesignName>MER_MinTrabajo_SistemaPostulaciones</ownerDesignName>
<engineerTo>
<item key="E89CB065-A639-A787-63E2-8985328B8EFC" value="true"/>
</engineerTo>
<referedAttribute>FD1AD584-0D3E-5617-DCE2-8B06B4FCEB6B</referedAttribute>
<useDomainConstraints>false</useDomainConstraints>
<use>1</use>
<logicalDatatype>LOGDT019</logicalDatatype>
<ownDataTypeParameters>,,</ownDataTypeParameters>
</Attribute>
</attributes>
<identifiers itemClass="oracle.dbtools.crest.model.design.logical.CandidateKey">
<identifier id="FF4E7299-E8EE-DF43-9347-84CD07863947" name="EMPRESA PK">
<createdBy>felix</createdBy>
<createdTime>2025-09-08 14:24:15 UTC</createdTime>
<ownerDesignName>MER_MinTrabajo_SistemaPostulaciones</ownerDesignName>
<shouldEngineer>false</shouldEngineer>
<engineerTo>
<item key="E89CB065-A639-A787-63E2-8985328B8EFC" value="false"/>
</engineerTo>
<pk>true</pk>
<usedAttributes>
<attributeRef>3ED0987A-8BF6-C6A9-9259-ED0935B71440</attributeRef>
</usedAttributes>
</identifier>
</identifiers>
</Entity>