<?xml version = '1.0' encoding = 'UTF-8'?>
<Entity class="oracle.dbtools.crest.model.design.logical.Entity" directorySegmentName="seg_0" id="B45A1B1A-ADFD-26D6-10F1-2FC8D1A4658A" name="POSTULANTE_GRADO">
<createdBy>felix</createdBy>
<createdTime>2025-09-08 15:07:00 UTC</createdTime>
<ownerDesignName>MER_MinTrabajo_SistemaPostulaciones</ownerDesignName>
<engineerTo>
<item key="E89CB065-A639-A787-63E2-8985328B8EFC" value="true"/>
</engineerTo>
<adequatelyNormalized>NO</adequatelyNormalized>
<expectedVolumes>0</expectedVolumes>
<fwdEngineeringStrategyName>Single Table</fwdEngineeringStrategyName>
<growthPercent>0</growthPercent>
<growthType>Year</growthType>
<maxVolumes>9999999</maxVolumes>
<minVolumes>0</minVolumes>
<normalForm>Third</normalForm>
<attributes itemClass="oracle.dbtools.crest.model.design.logical.Attribute">
<Attribute name="fecha_obtencion_grado" id="560F8831-6E65-B397-5625-A7A9FB033AE9">
<createdBy>felix</createdBy>
<createdTime>2025-09-08 15:07:12 UTC</createdTime>
<ownerDesignName>MER_MinTrabajo_SistemaPostulaciones</ownerDesignName>
<engineerTo>
<item key="E89CB065-A639-A787-63E2-8985328B8EFC" value="true"/>
</engineerTo>
<useDomainConstraints>false</useDomainConstraints>
<use>1</use>
<logicalDatatype>LOGDT007</logicalDatatype>
<ownDataTypeParameters>,,</ownDataTypeParameters>
</Attribute>
<Attribute name="folio_postulante" id="7EAAF81F-CCC9-4703-B34B-0265B0DFBAF5">
<createdBy>felix</createdBy>
<createdTime>2025-09-08 15:23:19 UTC</createdTime>
<generatorID>C940E40F-8B2C-2334-32BA-4A1C52729FBF</generatorID>
<ownerDesignName>MER_MinTrabajo_SistemaPostulaciones</ownerDesignName>
<engineerTo>
<item key="E89CB065-A639-A787-63E2-8985328B8EFC" value="true"/>
</engineerTo>
<referedAttribute>BBC94B95-D91D-442D-12FD-69165BB593C3</referedAttribute>
<useDomainConstraints>false</useDomainConstraints>
<use>1</use>
<logicalDatatype>LOGDT019</logicalDatatype>
<dataTypePrecision>20</dataTypePrecision>
<ownDataTypeParameters>,,</ownDataTypeParameters>
</Attribute>
<Attribute name="id_grado" id="555FBCAB-28B2-6B85-31C3-828172A22F79">
<createdBy>felix</createdBy>
<createdTime>2025-09-08 15:23:45 UTC</createdTime>
<generatorID>15F148CD-27A4-D3C4-A455-ED081E770AB1</generatorID>
<ownerDesignName>MER_MinTrabajo_SistemaPostulaciones</ownerDesignName>
<engineerTo>
<item key="E89CB065-A639-A787-63E2-8985328B8EFC" value="true"/>
</engineerTo>
<referedAttribute>50A8587D-9898-555A-3BD3-EC8C536F3485</referedAttribute>
<useDomainConstraints>false</useDomainConstraints>
<use>1</use>
<logicalDatatype>LOGDT019</logicalDatatype>
<ownDataTypeParameters>,,</ownDataTypeParameters>
</Attribute>
</attributes>
<identifiers itemClass="oracle.dbtools.crest.model.design.logical.CandidateKey">
<identifier id="F29DB3E7-75D8-0129-878D-664547050ACF" name="POSTULANTE_GRADO PK">
<createdBy>felix</createdBy>
<createdTime>2025-09-08 15:23:27 UTC</createdTime>
<ownerDesignName>MER_MinTrabajo_SistemaPostulaciones</ownerDesignName>
<engineerTo>
<item key="E89CB065-A639-A787-63E2-8985328B8EFC" value="true"/>
</engineerTo>
<pk>true</pk>
<usedAttributes>
<attributeRef>7EAAF81F-CCC9-4703-B34B-0265B0DFBAF5</attributeRef>
<attributeRef>555FBCAB-28B2-6B85-31C3-828172A22F79</attributeRef>
</usedAttributes>
</identifier>
</identifiers>
</Entity>