<?xml version = '1.0' encoding = 'UTF-8'?>
<Entity class="oracle.dbtools.crest.model.design.logical.Entity" directorySegmentName="seg_0" id="D95CD85F-B20F-C3FA-D851-89C6E244E245" name="POSTULANTE_IDIOMA">
<createdBy>felix</createdBy>
<createdTime>2025-09-08 14:39:28 UTC</createdTime>
<ownerDesignName>MER_MinTrabajo_SistemaPostulaciones</ownerDesignName>
<engineerTo>
<item key="E89CB065-A639-A787-63E2-8985328B8EFC" value="true"/>
</engineerTo>
<adequatelyNormalized>NO</adequatelyNormalized>
<expectedVolumes>0</expectedVolumes>
<fwdEngineeringStrategyName>Single Table</fwdEngineeringStrategyName>
<growthPercent>0</growthPercent>
<growthType>Year</growthType>
<maxVolumes>9999999</maxVolumes>
<minVolumes>0</minVolumes>
<normalForm>Third</normalForm>
<attributes itemClass="oracle.dbtools.crest.model.design.logical.Attribute">
<Attribute name="nivel_dominio" id="D340EA72-A1C1-E293-C637-73C4DA48E4A0">
<createdBy>felix</createdBy>
<createdTime>2025-09-08 14:39:43 UTC</createdTime>
<ownerDesignName>MER_MinTrabajo_SistemaPostulaciones</ownerDesignName>
<engineerTo>
<item key="E89CB065-A639-A787-63E2-8985328B8EFC" value="true"/>
</engineerTo>
<useDomainConstraints>false</useDomainConstraints>
<use>1</use>
<logicalDatatype>LOGDT024</logicalDatatype>
<dataTypeSize>50</dataTypeSize>
<ownDataTypeParameters>50,,</ownDataTypeParameters>
</Attribute>
<Attribute name="folio_postulante" id="59D9946C-8150-80CE-260A-6106E59081DE">
<createdBy>felix</createdBy>
<createdTime>2025-09-08 15:24:58 UTC</createdTime>
<generatorID>C06B29BC-2427-DF3A-D227-8E84BDF083A1</generatorID>
<ownerDesignName>MER_MinTrabajo_SistemaPostulaciones</ownerDesignName>
<engineerTo>
<item key="E89CB065-A639-A787-63E2-8985328B8EFC" value="true"/>
</engineerTo>
<referedAttribute>BBC94B95-D91D-442D-12FD-69165BB593C3</referedAttribute>
<useDomainConstraints>false</useDomainConstraints>
<use>1</use>
<logicalDatatype>LOGDT019</logicalDatatype>
<dataTypePrecision>20</dataTypePrecision>
<ownDataTypeParameters>,,</ownDataTypeParameters>
</Attribute>
<Attribute name="id_idioma" id="E6CE9A67-34E6-4E57-4B1E-3482C5E3F547">
<createdBy>felix</createdBy>
<createdTime>2025-09-08 15:25:45 UTC</createdTime>
<generatorID>7E701C0A-FF32-1F85-ACD6-9E03E4421852</generatorID>
<ownerDesignName>MER_MinTrabajo_SistemaPostulaciones</ownerDesignName>
<engineerTo>
<item key="E89CB065-A639-A787-63E2-8985328B8EFC" value="true"/>
</engineerTo>
<referedAttribute>2346A57C-9CC8-E4C0-FFAC-6528C6D5B938</referedAttribute>
<useDomainConstraints>false</useDomainConstraints>
<use>1</use>
<logicalDatatype>LOGDT019</logicalDatatype>
<ownDataTypeParameters>,,</ownDataTypeParameters>
</Attribute>
</attributes>
<identifiers itemClass="oracle.dbtools.crest.model.design.logical.CandidateKey">
<identifier id="26E87F08-B46C-1737-43E1-896D88CD46AD" name="POSTULANTE_IDIOMA PK">
<createdBy>felix</createdBy>
<createdTime>2025-09-08 15:25:24 UTC</createdTime>
<ownerDesignName>MER_MinTrabajo_SistemaPostulaciones</ownerDesignName>
<engineerTo>
<item key="E89CB065-A639-A787-63E2-8985328B8EFC" value="true"/>
</engineerTo>
<pk>true</pk>
<usedAttributes>
<attributeRef>59D9946C-8150-80CE-260A-6106E59081DE</attributeRef>
<attributeRef>E6CE9A67-34E6-4E57-4B1E-3482C5E3F547</attributeRef>
</usedAttributes>
</identifier>
</identifiers>
</Entity>