<?xml version = '1.0' encoding = 'UTF-8'?>
<Entity class="oracle.dbtools.crest.model.design.logical.Entity" directorySegmentName="seg_0" id="E25FB7FC-E1E7-A22C-FDC4-0CEF469FDCB5" name="CIUDAD">
<createdBy>felix</createdBy>
<createdTime>2025-09-08 14:30:58 UTC</createdTime>
<ownerDesignName>MER_MinTrabajo_SistemaPostulaciones</ownerDesignName>
<engineerTo>
<item key="E89CB065-A639-A787-63E2-8985328B8EFC" value="true"/>
</engineerTo>
<adequatelyNormalized>NO</adequatelyNormalized>
<expectedVolumes>0</expectedVolumes>
<fwdEngineeringStrategyName>Single Table</fwdEngineeringStrategyName>
<growthPercent>0</growthPercent>
<growthType>Year</growthType>
<maxVolumes>9999999</maxVolumes>
<minVolumes>0</minVolumes>
<normalForm>Third</normalForm>
<attributes itemClass="oracle.dbtools.crest.model.design.logical.Attribute">
<Attribute name="id_ciudad" id="FD1AD584-0D3E-5617-DCE2-8B06B4FCEB6B">
<createdBy>felix</createdBy>
<createdTime>2025-09-08 14:31:27 UTC</createdTime>
<ownerDesignName>MER_MinTrabajo_SistemaPostulaciones</ownerDesignName>
<engineerTo>
<item key="E89CB065-A639-A787-63E2-8985328B8EFC" value="true"/>
</engineerTo>
<useDomainConstraints>false</useDomainConstraints>
<use>1</use>
<logicalDatatype>LOGDT019</logicalDatatype>
<ownDataTypeParameters>,,</ownDataTypeParameters>
</Attribute>
<Attribute name="nombre_ciudad" id="257A770D-67C6-B9CE-25D4-012425C71145">
<createdBy>felix</createdBy>
<createdTime>2025-09-08 14:32:08 UTC</createdTime>
<ownerDesignName>MER_MinTrabajo_SistemaPostulaciones</ownerDesignName>
<engineerTo>
<item key="E89CB065-A639-A787-63E2-8985328B8EFC" value="true"/>
</engineerTo>
<useDomainConstraints>false</useDomainConstraints>
<use>1</use>
<logicalDatatype>LOGDT024</logicalDatatype>
<dataTypeSize>100</dataTypeSize>
<ownDataTypeParameters>100,,</ownDataTypeParameters>
</Attribute>
<Attribute name="id_pais" id="08F8DAA2-B186-78D2-0025-B88D315228A2">
<createdBy>felix</createdBy>
<createdTime>2025-09-08 14:59:32 UTC</createdTime>
<generatorID>CFE90370-1C4E-F0B8-7CA0-60F2A0D16A8C</generatorID>
<ownerDesignName>MER_MinTrabajo_SistemaPostulaciones</ownerDesignName>
<engineerTo>
<item key="E89CB065-A639-A787-63E2-8985328B8EFC" value="true"/>
</engineerTo>
<referedAttribute>53C46E3D-9072-93AA-B92C-14664E0FBD59</referedAttribute>
<useDomainConstraints>false</useDomainConstraints>
<use>1</use>
<logicalDatatype>LOGDT019</logicalDatatype>
<ownDataTypeParameters>,,</ownDataTypeParameters>
</Attribute>
</attributes>
<identifiers itemClass="oracle.dbtools.crest.model.design.logical.CandidateKey">
<identifier id="6950DD3D-70E7-340C-FFA4-30021C9F3587" name="CIUDAD PK">
<createdBy>felix</createdBy>
<createdTime>2025-09-08 14:32:44 UTC</createdTime>
<ownerDesignName>MER_MinTrabajo_SistemaPostulaciones</ownerDesignName>
<engineerTo>
<item key="E89CB065-A639-A787-63E2-8985328B8EFC" value="true"/>
</engineerTo>
<pk>true</pk>
<usedAttributes>
<attributeRef>FD1AD584-0D3E-5617-DCE2-8B06B4FCEB6B</attributeRef>
</usedAttributes>
</identifier>
</identifiers>
</Entity>