<?xml version = '1.0' encoding = 'UTF-8'?>
<Entity class="oracle.dbtools.crest.model.design.logical.Entity" directorySegmentName="seg_0" id="205CADB3-7D11-E19B-70EE-3B32DDFA5C7A" name="MEDICO">
<createdBy>felix</createdBy>
<createdTime>2025-08-27 16:16:13 UTC</createdTime>
<ownerDesignName>Vivi_Mejor</ownerDesignName>
<engineerTo>
<item key="520F5A48-B709-9D5B-5102-04CB8EBDB8AD" value="true"/>
</engineerTo>
<adequatelyNormalized>NO</adequatelyNormalized>
<expectedVolumes>0</expectedVolumes>
<fwdEngineeringStrategyName>Single Table</fwdEngineeringStrategyName>
<growthPercent>0</growthPercent>
<growthType>Year</growthType>
<hierarchicalParent>44A848BA-1222-9085-9D3D-51FDB2B23CFE</hierarchicalParent>
<maxVolumes>9999999</maxVolumes>
<minVolumes>0</minVolumes>
<normalForm>Third</normalForm>
<attributes itemClass="oracle.dbtools.crest.model.design.logical.Attribute">
<Attribute name="especialidad" id="E6CAB1E5-B2FE-EE1A-8A89-EFFD5F25AB4A">
<createdBy>felix</createdBy>
<createdTime>2025-08-27 16:16:30 UTC</createdTime>
<ownerDesignName>Vivi_Mejor</ownerDesignName>
<engineerTo>
<item key="520F5A48-B709-9D5B-5102-04CB8EBDB8AD" value="true"/>
</engineerTo>
<useDomainConstraints>false</useDomainConstraints>
<use>1</use>
<logicalDatatype>LOGDT024</logicalDatatype>
<dataTypeSize>30 CHAR</dataTypeSize>
<ownDataTypeParameters>30 CHAR,,</ownDataTypeParameters>
</Attribute>
<Attribute name="id_supervisor" id="44C58D64-E444-E46F-A763-89A0D7564E80">
<createdBy>felix</createdBy>
<createdTime>2025-08-27 17:47:24 UTC</createdTime>
<ownerDesignName>Vivi_Mejor</ownerDesignName>
<engineerTo>
<item key="520F5A48-B709-9D5B-5102-04CB8EBDB8AD" value="true"/>
</engineerTo>
<useDomainConstraints>false</useDomainConstraints>
<use>1</use>
<logicalDatatype>LOGDT019</logicalDatatype>
<dataTypePrecision>12</dataTypePrecision>
<ownDataTypeParameters>,12,</ownDataTypeParameters>
</Attribute>
<Attribute name="id_supervisor1" id="F7C50DC4-D35D-74C5-FCFA-1B1043EBC312">
<createdBy>felix</createdBy>
<createdTime>2025-08-29 05:30:20 UTC</createdTime>
<generatorID>201AAAEB-692D-95E4-FF92-5184FEFE572C</generatorID>
<ownerDesignName>Vivi_Mejor</ownerDesignName>
<engineerTo>
<item key="520F5A48-B709-9D5B-5102-04CB8EBDB8AD" value="true"/>
</engineerTo>
<referedAttribute>44C58D64-E444-E46F-A763-89A0D7564E80</referedAttribute>
<useDomainConstraints>false</useDomainConstraints>
<use>1</use>
<logicalDatatype>LOGDT019</logicalDatatype>
<dataTypePrecision>12</dataTypePrecision>
<ownDataTypeParameters>,,</ownDataTypeParameters>
</Attribute>
</attributes>
<identifiers itemClass="oracle.dbtools.crest.model.design.logical.CandidateKey">
<identifier id="9E88FAF2-0657-AE8F-A6D5-72DB77808695" name="MEDICO PK">
<createdBy>felix</createdBy>
<createdTime>2025-08-27 16:16:39 UTC</createdTime>
<ownerDesignName>Vivi_Mejor</ownerDesignName>
<engineerTo>
<item key="520F5A48-B709-9D5B-5102-04CB8EBDB8AD" value="true"/>
</engineerTo>
<newElementsIDs>44C58D64-E444-E46F-A763-89A0D7564E80</newElementsIDs>
<usedAttributes>
<attributeRef>44C58D64-E444-E46F-A763-89A0D7564E80</attributeRef>
</usedAttributes>
</identifier>
</identifiers>
</Entity>