<?xml version = '1.0' encoding = 'UTF-8'?>
<Entity class="oracle.dbtools.crest.model.design.logical.Entity" directorySegmentName="seg_0" id="4E3132CF-2CA9-21A3-97A3-774732742ABB" name="HABITACION">
<createdBy>felix</createdBy>
<createdTime>2025-08-27 16:12:32 UTC</createdTime>
<ownerDesignName>Vivi_Mejor</ownerDesignName>
<engineerTo>
<item key="520F5A48-B709-9D5B-5102-04CB8EBDB8AD" value="true"/>
</engineerTo>
<adequatelyNormalized>NO</adequatelyNormalized>
<expectedVolumes>0</expectedVolumes>
<fwdEngineeringStrategyName>Single Table</fwdEngineeringStrategyName>
<growthPercent>0</growthPercent>
<growthType>Year</growthType>
<maxVolumes>9999999</maxVolumes>
<minVolumes>0</minVolumes>
<normalForm>Third</normalForm>
<attributes itemClass="oracle.dbtools.crest.model.design.logical.Attribute">
<Attribute name="id_habitacion" id="61A48F22-0106-6143-3298-147D3C3BC578">
<createdBy>felix</createdBy>
<createdTime>2025-08-27 16:12:38 UTC</createdTime>
<ownerDesignName>Vivi_Mejor</ownerDesignName>
<engineerTo>
<item key="520F5A48-B709-9D5B-5102-04CB8EBDB8AD" value="true"/>
</engineerTo>
<useDomainConstraints>false</useDomainConstraints>
<use>1</use>
<logicalDatatype>LOGDT019</logicalDatatype>
<ownDataTypeParameters>,,</ownDataTypeParameters>
</Attribute>
<Attribute name="tipo" id="C137EAC2-14D6-F1E5-F57D-224AB5388D7E">
<createdBy>felix</createdBy>
<createdTime>2025-08-27 16:12:50 UTC</createdTime>
<ownerDesignName>Vivi_Mejor</ownerDesignName>
<engineerTo>
<item key="520F5A48-B709-9D5B-5102-04CB8EBDB8AD" value="true"/>
</engineerTo>
<useDomainConstraints>false</useDomainConstraints>
<use>1</use>
<logicalDatatype>LOGDT024</logicalDatatype>
<ownDataTypeParameters>,,</ownDataTypeParameters>
</Attribute>
<Attribute name="id_residencia" id="9EFF0E08-BEEA-2E31-0AF5-81758B32C776">
<createdBy>felix</createdBy>
<createdTime>2025-08-29 05:19:34 UTC</createdTime>
<generatorID>EC0A0BD1-5E9D-2DCB-9024-1FAE9FB8D936</generatorID>
<ownerDesignName>Vivi_Mejor</ownerDesignName>
<engineerTo>
<item key="520F5A48-B709-9D5B-5102-04CB8EBDB8AD" value="true"/>
</engineerTo>
<referedAttribute>46116C20-3F0A-6EE3-6D66-0B3345C3CF4E</referedAttribute>
<useDomainConstraints>false</useDomainConstraints>
<use>1</use>
<logicalDatatype>LOGDT019</logicalDatatype>
<dataTypePrecision>5</dataTypePrecision>
<ownDataTypeParameters>,,</ownDataTypeParameters>
</Attribute>
</attributes>
<identifiers itemClass="oracle.dbtools.crest.model.design.logical.CandidateKey">
<identifier id="6297C823-1245-4193-A250-5DF86E1D01A7" name="HABITACION PK">
<createdBy>felix</createdBy>
<createdTime>2025-08-27 16:12:48 UTC</createdTime>
<ownerDesignName>Vivi_Mejor</ownerDesignName>
<engineerTo>
<item key="520F5A48-B709-9D5B-5102-04CB8EBDB8AD" value="true"/>
</engineerTo>
<pk>true</pk>
<usedAttributes>
<attributeRef>61A48F22-0106-6143-3298-147D3C3BC578</attributeRef>
</usedAttributes>
</identifier>
</identifiers>
</Entity>