<?xml version = '1.0' encoding = 'UTF-8'?>
<Entity class="oracle.dbtools.crest.model.design.logical.Entity" directorySegmentName="seg_0" id="8DADA66E-D3B5-366E-0054-912CD439872B" name="RESIDENTE">
<createdBy>felix</createdBy>
<createdTime>2025-08-27 16:21:56 UTC</createdTime>
<ownerDesignName>Vivi_Mejor</ownerDesignName>
<engineerTo>
<item key="520F5A48-B709-9D5B-5102-04CB8EBDB8AD" value="true"/>
</engineerTo>
<adequatelyNormalized>NO</adequatelyNormalized>
<expectedVolumes>0</expectedVolumes>
<fwdEngineeringStrategyName>Single Table</fwdEngineeringStrategyName>
<growthPercent>0</growthPercent>
<growthType>Year</growthType>
<maxVolumes>9999999</maxVolumes>
<minVolumes>0</minVolumes>
<normalForm>Third</normalForm>
<attributeInherType>All atributes</attributeInherType>
<attributes itemClass="oracle.dbtools.crest.model.design.logical.Attribute">
<Attribute name="rut_residente" id="D0766DD3-1975-8B35-87EA-98C3FF7ED3B4">
<createdBy>felix</createdBy>
<createdTime>2025-08-27 16:22:08 UTC</createdTime>
<ownerDesignName>Vivi_Mejor</ownerDesignName>
<engineerTo>
<item key="520F5A48-B709-9D5B-5102-04CB8EBDB8AD" value="true"/>
</engineerTo>
<useDomainConstraints>false</useDomainConstraints>
<use>1</use>
<logicalDatatype>LOGDT019</logicalDatatype>
<ownDataTypeParameters>,,</ownDataTypeParameters>
</Attribute>
<Attribute name="nombre" id="27842E1F-B50D-17EA-6BD7-F2222B0456F4">
<createdBy>felix</createdBy>
<createdTime>2025-08-27 16:22:27 UTC</createdTime>
<ownerDesignName>Vivi_Mejor</ownerDesignName>
<engineerTo>
<item key="520F5A48-B709-9D5B-5102-04CB8EBDB8AD" value="true"/>
</engineerTo>
<useDomainConstraints>false</useDomainConstraints>
<use>1</use>
<logicalDatatype>LOGDT024</logicalDatatype>
<ownDataTypeParameters>,,</ownDataTypeParameters>
</Attribute>
<Attribute name="rut" id="E6C29CDA-1A17-8340-5458-3A6D7465ED7C">
<createdBy>felix</createdBy>
<createdTime>2025-08-27 16:22:42 UTC</createdTime>
<ownerDesignName>Vivi_Mejor</ownerDesignName>
<engineerTo>
<item key="520F5A48-B709-9D5B-5102-04CB8EBDB8AD" value="true"/>
</engineerTo>
<useDomainConstraints>false</useDomainConstraints>
<use>1</use>
<logicalDatatype>LOGDT024</logicalDatatype>
<ownDataTypeParameters>,,</ownDataTypeParameters>
</Attribute>
<Attribute name="id_habitacion" id="8F60CA5E-A4BD-43FC-808D-06DC35A09499">
<createdBy>felix</createdBy>
<createdTime>2025-08-29 05:24:13 UTC</createdTime>
<generatorID>B49D65F7-7114-BED4-2DE1-8677D971ADC7</generatorID>
<ownerDesignName>Vivi_Mejor</ownerDesignName>
<engineerTo>
<item key="520F5A48-B709-9D5B-5102-04CB8EBDB8AD" value="true"/>
</engineerTo>
<referedAttribute>61A48F22-0106-6143-3298-147D3C3BC578</referedAttribute>
<useDomainConstraints>false</useDomainConstraints>
<use>1</use>
<logicalDatatype>LOGDT019</logicalDatatype>
<ownDataTypeParameters>,,</ownDataTypeParameters>
</Attribute>
<Attribute name="id_anexo" id="5A118786-508F-2A3C-8254-E2A20204EF61">
<createdBy>felix</createdBy>
<createdTime>2025-08-29 05:27:42 UTC</createdTime>
<generatorID>E7488948-5F45-7453-9F78-37BDE5FBC970</generatorID>
<ownerDesignName>Vivi_Mejor</ownerDesignName>
<engineerTo>
<item key="520F5A48-B709-9D5B-5102-04CB8EBDB8AD" value="true"/>
</engineerTo>
<referedAttribute>E5184731-7F4D-6351-AF16-C6F1336AABE8</referedAttribute>
<useDomainConstraints>false</useDomainConstraints>
<use>1</use>
<logicalDatatype>LOGDT019</logicalDatatype>
<ownDataTypeParameters>,,</ownDataTypeParameters>
</Attribute>
<Attribute name="id_contrato" id="F62BB88C-C89E-C0DF-17BE-A3579F8AB7D9">
<createdBy>felix</createdBy>
<createdTime>2025-08-29 05:27:42 UTC</createdTime>
<generatorID>E7488948-5F45-7453-9F78-37BDE5FBC970</generatorID>
<ownerDesignName>Vivi_Mejor</ownerDesignName>
<engineerTo>
<item key="520F5A48-B709-9D5B-5102-04CB8EBDB8AD" value="true"/>
</engineerTo>
<referedAttribute>7571195C-EBA7-B0C7-B954-5F12E5CCFB7D</referedAttribute>
<useDomainConstraints>false</useDomainConstraints>
<use>1</use>
<logicalDatatype>LOGDT019</logicalDatatype>
<dataTypePrecision>12</dataTypePrecision>
<ownDataTypeParameters>,,</ownDataTypeParameters>
</Attribute>
</attributes>
<identifiers itemClass="oracle.dbtools.crest.model.design.logical.CandidateKey">
<identifier id="4E95EB2D-C560-C65E-4323-73BF537467A5" name="RESIDENTE PK">
<createdBy>felix</createdBy>
<createdTime>2025-08-27 16:22:25 UTC</createdTime>
<ownerDesignName>Vivi_Mejor</ownerDesignName>
<engineerTo>
<item key="520F5A48-B709-9D5B-5102-04CB8EBDB8AD" value="true"/>
</engineerTo>
<pk>true</pk>
<usedAttributes>
<attributeRef>D0766DD3-1975-8B35-87EA-98C3FF7ED3B4</attributeRef>
</usedAttributes>
</identifier>
</identifiers>
</Entity>