<?xml version = '1.0' encoding = 'UTF-8'?>
<Entity class="oracle.dbtools.crest.model.design.logical.Entity" directorySegmentName="seg_0" id="9F60BFC1-AB2C-907B-45CA-CA9F94A84D9D" name="APODERADO">
<createdBy>felix</createdBy>
<createdTime>2025-08-27 16:17:51 UTC</createdTime>
<ownerDesignName>Vivi_Mejor</ownerDesignName>
<engineerTo>
<item key="520F5A48-B709-9D5B-5102-04CB8EBDB8AD" value="true"/>
</engineerTo>
<adequatelyNormalized>NO</adequatelyNormalized>
<expectedVolumes>0</expectedVolumes>
<fwdEngineeringStrategyName>Single Table</fwdEngineeringStrategyName>
<growthPercent>0</growthPercent>
<growthType>Year</growthType>
<maxVolumes>9999999</maxVolumes>
<minVolumes>0</minVolumes>
<normalForm>Third</normalForm>
<subtypesRefType>None</subtypesRefType>
<attributes itemClass="oracle.dbtools.crest.model.design.logical.Attribute">
<Attribute name="rut_apoderado" id="F4592DF4-110A-EB48-B11C-8348FD26188A">
<createdBy>felix</createdBy>
<createdTime>2025-08-27 16:18:02 UTC</createdTime>
<ownerDesignName>Vivi_Mejor</ownerDesignName>
<engineerTo>
<item key="520F5A48-B709-9D5B-5102-04CB8EBDB8AD" value="true"/>
</engineerTo>
<useDomainConstraints>false</useDomainConstraints>
<use>1</use>
<logicalDatatype>LOGDT024</logicalDatatype>
<dataTypeSize>10 CHAR</dataTypeSize>
<ownDataTypeParameters>10 CHAR,,</ownDataTypeParameters>
</Attribute>
<Attribute name="nombre" id="CC1B7AA9-6E33-67EB-F8CA-71CF6AB7CBE3">
<createdBy>felix</createdBy>
<createdTime>2025-08-27 16:18:18 UTC</createdTime>
<ownerDesignName>Vivi_Mejor</ownerDesignName>
<engineerTo>
<item key="520F5A48-B709-9D5B-5102-04CB8EBDB8AD" value="true"/>
</engineerTo>
<useDomainConstraints>false</useDomainConstraints>
<use>1</use>
<logicalDatatype>LOGDT024</logicalDatatype>
<dataTypeSize>50 CHAR</dataTypeSize>
<ownDataTypeParameters>50 CHAR,,</ownDataTypeParameters>
</Attribute>
<Attribute name="telefono" id="93F67257-E94E-3272-D67F-98169ADDE5F1">
<createdBy>felix</createdBy>
<createdTime>2025-08-27 16:18:49 UTC</createdTime>
<ownerDesignName>Vivi_Mejor</ownerDesignName>
<engineerTo>
<item key="520F5A48-B709-9D5B-5102-04CB8EBDB8AD" value="true"/>
</engineerTo>
<useDomainConstraints>false</useDomainConstraints>
<use>1</use>
<logicalDatatype>LOGDT024</logicalDatatype>
<dataTypeSize>12 CHAR</dataTypeSize>
<ownDataTypeParameters>12 CHAR,,</ownDataTypeParameters>
</Attribute>
</attributes>
<identifiers itemClass="oracle.dbtools.crest.model.design.logical.CandidateKey">
<identifier id="32C9C1DC-7AE2-457D-77EE-252591CD2934" name="APODERADO PK">
<createdBy>felix</createdBy>
<createdTime>2025-08-27 16:18:13 UTC</createdTime>
<ownerDesignName>Vivi_Mejor</ownerDesignName>
<engineerTo>
<item key="520F5A48-B709-9D5B-5102-04CB8EBDB8AD" value="true"/>
</engineerTo>
<pk>true</pk>
<usedAttributes>
<attributeRef>F4592DF4-110A-EB48-B11C-8348FD26188A</attributeRef>
</usedAttributes>
</identifier>
</identifiers>
</Entity>