<?xml version = '1.0' encoding = 'UTF-8'?>
<Entity class="oracle.dbtools.crest.model.design.logical.Entity" directorySegmentName="seg_0" id="A9DF9180-EC10-935C-5366-843D9421E6DD" name="RESIDENTE_TEMPORAL">
<createdBy>felix</createdBy>
<createdTime>2025-08-27 16:22:55 UTC</createdTime>
<ownerDesignName>Vivi_Mejor</ownerDesignName>
<engineerTo>
<item key="520F5A48-B709-9D5B-5102-04CB8EBDB8AD" value="true"/>
</engineerTo>
<adequatelyNormalized>NO</adequatelyNormalized>
<expectedVolumes>0</expectedVolumes>
<fwdEngineeringStrategyName>Single Table</fwdEngineeringStrategyName>
<growthPercent>0</growthPercent>
<growthType>Year</growthType>
<hierarchicalParent>8DADA66E-D3B5-366E-0054-912CD439872B</hierarchicalParent>
<maxVolumes>9999999</maxVolumes>
<minVolumes>0</minVolumes>
<normalForm>Third</normalForm>
<attributes itemClass="oracle.dbtools.crest.model.design.logical.Attribute">
<Attribute name="dias_estadia" id="5AE7F78A-90CA-2F84-9091-7B84EB8766EB">
<createdBy>felix</createdBy>
<createdTime>2025-08-27 16:23:10 UTC</createdTime>
<ownerDesignName>Vivi_Mejor</ownerDesignName>
<engineerTo>
<item key="520F5A48-B709-9D5B-5102-04CB8EBDB8AD" value="true"/>
</engineerTo>
<useDomainConstraints>false</useDomainConstraints>
<use>1</use>
<logicalDatatype>LOGDT019</logicalDatatype>
<ownDataTypeParameters>,,</ownDataTypeParameters>
</Attribute>
</attributes>
<identifiers itemClass="oracle.dbtools.crest.model.design.logical.CandidateKey">
<identifier id="68CA4799-CCC9-F824-80B5-8787584C78FD" name="RESIDENTE_TEMPORAL PK">
<createdBy>felix</createdBy>
<createdTime>2025-08-27 16:23:34 UTC</createdTime>
<ownerDesignName>Vivi_Mejor</ownerDesignName>
<engineerTo>
<item key="520F5A48-B709-9D5B-5102-04CB8EBDB8AD" value="true"/>
</engineerTo>
<pk>true</pk>
</identifier>
</identifiers>
</Entity>