<?xml version = '1.0' encoding = 'UTF-8'?>
<Diagram class="oracle.dbtools.crest.swingui.logical.DPVLogical" name="Logical" id="59E59107-8A7D-BECD-1CC3-CFA48E82BB5A">
<createdBy>felix</createdBy>
<modifiedBy>felix</modifiedBy>
<createdTime>2025-09-08 14:10:30 UTC</createdTime>
<autoRoute>false</autoRoute>
<boxInbox>true</boxInbox>
<showLegend>false</showLegend>
<showLabels>false</showLabels>
<showRelAttributes>false</showRelAttributes>
<gridEnabled>true</gridEnabled>
<showGrid>false</showGrid>
<diagramColor>-1</diagramColor>
<display>false</display>
<notation>1</notation>
<objectViews>
<OView class="oracle.dbtools.crest.swingui.logical.TVEntity" oid="0A34FCE4-A558-DD02-9254-9E5193E9DF8C" otype="Entity" vid="801DA644-5C4D-3E61-1C02-8A577A9E8E2A">
<hideElementsInCurrentOnly>false</hideElementsInCurrentOnly>
<bounds x="360" y="620" width="191" height="81"/>
</OView>
<OView class="oracle.dbtools.crest.swingui.logical.TVEntity" oid="157D6810-59CE-CD6B-6E09-8F699376C9C8" otype="Entity" vid="EFF5786D-64B9-827A-C979-9C540916F1CD">
<hideElementsInCurrentOnly>false</hideElementsInCurrentOnly>
<bounds x="370" y="64" width="261" height="237"/>
</OView>
<OView class="oracle.dbtools.crest.swingui.TVNote" oid="20C3C685-58CE-448F-E77B-DFB232C92089" otype="Note" vid="C53D2048-D61D-E9A1-A78B-058E59E88F8C">
<hideElementsInCurrentOnly>false</hideElementsInCurrentOnly>
<bounds x="0" y="60" width="101" height="81"/>
<comment>Restricción de negocio: Un postulante puede tener máximo 2 profesiones</comment>
</OView>
<OView class="oracle.dbtools.crest.swingui.logical.TVEntity" oid="56DE5090-9C25-C9A0-8568-68FAB8B0530E" otype="Entity" vid="7BC03EF8-92C8-ADBB-AF5D-91261E1D6AA4">
<hideElementsInCurrentOnly>false</hideElementsInCurrentOnly>
<bounds x="599" y="447" width="232" height="164"/>
</OView>
<OView class="oracle.dbtools.crest.swingui.logical.TVEntity" oid="6B48ECB7-9260-0A78-12D1-C78F670BEFD2" otype="Entity" vid="B0C798CF-C4D7-CEB4-F22D-C52D8863A599">
<hideElementsInCurrentOnly>false</hideElementsInCurrentOnly>
<bounds x="97" y="222" width="224" height="89"/>
</OView>
<OView class="oracle.dbtools.crest.swingui.logical.TVEntity" oid="83C260E3-70A1-42CE-C63A-A2549E09A096" otype="Entity" vid="E95FD2FC-A4E4-A6B6-2AA3-35F31BDD1FBE">
<hideElementsInCurrentOnly>false</hideElementsInCurrentOnly>
<bounds x="100" y="60" width="221" height="91"/>
</OView>
<OView class="oracle.dbtools.crest.swingui.logical.TVEntity" oid="A574CF1E-D4C5-F413-9330-FF94A2DFAAE3" otype="Entity" vid="0827006B-38E6-6924-BA48-C28566F1116C">
<hideElementsInCurrentOnly>false</hideElementsInCurrentOnly>
<bounds x="760" y="70" width="201" height="111"/>
</OView>
<OView class="oracle.dbtools.crest.swingui.logical.TVEntity" oid="B267AF72-10A2-740F-454A-FF9E1CBA2815" otype="Entity" vid="B9CEF843-6B29-220C-87F1-F09374839A6D">
<hideElementsInCurrentOnly>false</hideElementsInCurrentOnly>
<bounds x="890" y="440" width="251" height="191"/>
</OView>
<OView class="oracle.dbtools.crest.swingui.logical.TVEntity" oid="B45A1B1A-ADFD-26D6-10F1-2FC8D1A4658A" otype="Entity" vid="BD9DA138-92B3-8A94-11E6-3CFA53634F97">
<hideElementsInCurrentOnly>false</hideElementsInCurrentOnly>
<bounds x="100" y="440" width="251" height="111"/>
</OView>
<OView class="oracle.dbtools.crest.swingui.logical.TVEntity" oid="D0AF0CA9-4C92-822F-FA09-A2DB91FFA86D" otype="Entity" vid="55FB8923-435C-41D2-F8CC-4E51D343E0AD">
<hideElementsInCurrentOnly>false</hideElementsInCurrentOnly>
<bounds x="100" y="620" width="201" height="111"/>
</OView>
<OView class="oracle.dbtools.crest.swingui.logical.TVEntity" oid="D95CD85F-B20F-C3FA-D851-89C6E244E245" otype="Entity" vid="FE5A5CED-B89B-1267-403E-FD2CD3A0CFA4">
<hideElementsInCurrentOnly>false</hideElementsInCurrentOnly>
<bounds x="360" y="440" width="198" height="114"/>
</OView>
<OView class="oracle.dbtools.crest.swingui.logical.TVEntity" oid="E25FB7FC-E1E7-A22C-FDC4-0CEF469FDCB5" otype="Entity" vid="ACE0FFAC-318D-6B3C-E2F5-B71C68BB2D60">
<hideElementsInCurrentOnly>false</hideElementsInCurrentOnly>
<bounds x="1000" y="70" width="201" height="111"/>
</OView>
</objectViews>
<connectors>
<Connector class="oracle.dbtools.crest.swingui.logical.TVRelation" oid="15F148CD-27A4-D3C4-A455-ED081E770AB1" otype="Relation" vid_source="55FB8923-435C-41D2-F8CC-4E51D343E0AD" vid_target="BD9DA138-92B3-8A94-11E6-3CFA53634F97">
<hideElementsInCurrentOnly>false</hideElementsInCurrentOnly>
<backgroundColor>-16777216</backgroundColor>
<lineWidth>1</lineWidth>
<points>
<point x="200" y="620"/>
<point x="200" y="551"/>
</points>
</Connector>
<Connector class="oracle.dbtools.crest.swingui.logical.TVRelation" oid="1DE9249A-3690-BA66-889C-11F13AC9FF01" otype="Relation" vid_source="0827006B-38E6-6924-BA48-C28566F1116C" vid_target="B9CEF843-6B29-220C-87F1-F09374839A6D">
<hideElementsInCurrentOnly>false</hideElementsInCurrentOnly>
<backgroundColor>-16777216</backgroundColor>
<lineWidth>1</lineWidth>
<points>
<point x="925" y="181"/>
<point x="925" y="440"/>
</points>
</Connector>
<Connector class="oracle.dbtools.crest.swingui.logical.TVRelation" oid="21B8100E-E410-6C4F-0EFE-1E1C40CE828C" otype="Relation" vid_source="0827006B-38E6-6924-BA48-C28566F1116C" vid_target="EFF5786D-64B9-827A-C979-9C540916F1CD">
<hideElementsInCurrentOnly>false</hideElementsInCurrentOnly>
<backgroundColor>-16777216</backgroundColor>
<lineWidth>1</lineWidth>
<points>
<point x="760" y="140"/>
<point x="631" y="140"/>
</points>
</Connector>
<Connector class="oracle.dbtools.crest.swingui.logical.TVRelation" oid="381E487D-0671-21C9-6107-174DE155F4C6" otype="Relation" vid_source="EFF5786D-64B9-827A-C979-9C540916F1CD" vid_target="E95FD2FC-A4E4-A6B6-2AA3-35F31BDD1FBE">
<hideElementsInCurrentOnly>false</hideElementsInCurrentOnly>
<backgroundColor>-16777216</backgroundColor>
<lineWidth>1</lineWidth>
<points>
<point x="370" y="107"/>
<point x="321" y="107"/>
</points>
</Connector>
<Connector class="oracle.dbtools.crest.swingui.logical.TVRelation" oid="7E701C0A-FF32-1F85-ACD6-9E03E4421852" otype="Relation" vid_source="801DA644-5C4D-3E61-1C02-8A577A9E8E2A" vid_target="FE5A5CED-B89B-1267-403E-FD2CD3A0CFA4">
<hideElementsInCurrentOnly>false</hideElementsInCurrentOnly>
<backgroundColor>-16777216</backgroundColor>
<lineWidth>1</lineWidth>
<points>
<point x="455" y="620"/>
<point x="455" y="554"/>
</points>
</Connector>
<Connector class="oracle.dbtools.crest.swingui.logical.TVRelation" oid="82597E72-C505-9C21-2FF6-508475C3C233" otype="Relation" vid_source="EFF5786D-64B9-827A-C979-9C540916F1CD" vid_target="7BC03EF8-92C8-ADBB-AF5D-91261E1D6AA4">
<hideElementsInCurrentOnly>false</hideElementsInCurrentOnly>
<backgroundColor>-16777216</backgroundColor>
<lineWidth>1</lineWidth>
<points>
<point x="600" y="301"/>
<point x="600" y="447"/>
</points>
</Connector>
<Connector class="oracle.dbtools.crest.swingui.logical.TVRelation" oid="C06B29BC-2427-DF3A-D227-8E84BDF083A1" otype="Relation" vid_source="EFF5786D-64B9-827A-C979-9C540916F1CD" vid_target="FE5A5CED-B89B-1267-403E-FD2CD3A0CFA4">
<hideElementsInCurrentOnly>false</hideElementsInCurrentOnly>
<backgroundColor>-16777216</backgroundColor>
<lineWidth>1</lineWidth>
<points>
<point x="464" y="301"/>
<point x="464" y="440"/>
</points>
</Connector>
<Connector class="oracle.dbtools.crest.swingui.logical.TVRelation" oid="C8E0B9DE-1334-9E25-874A-CBB83D7879E1" otype="Relation" vid_source="ACE0FFAC-318D-6B3C-E2F5-B71C68BB2D60" vid_target="B9CEF843-6B29-220C-87F1-F09374839A6D">
<hideElementsInCurrentOnly>false</hideElementsInCurrentOnly>
<backgroundColor>-16777216</backgroundColor>
<lineWidth>1</lineWidth>
<points>
<point x="1070" y="181"/>
<point x="1070" y="440"/>
</points>
</Connector>
<Connector class="oracle.dbtools.crest.swingui.logical.TVRelation" oid="C940E40F-8B2C-2334-32BA-4A1C52729FBF" otype="Relation" vid_source="EFF5786D-64B9-827A-C979-9C540916F1CD" vid_target="BD9DA138-92B3-8A94-11E6-3CFA53634F97">
<hideElementsInCurrentOnly>false</hideElementsInCurrentOnly>
<backgroundColor>-16777216</backgroundColor>
<lineWidth>1</lineWidth>
<points>
<point x="396" y="301"/>
<point x="274" y="440"/>
</points>
</Connector>
<Connector class="oracle.dbtools.crest.swingui.logical.TVRelation" oid="CFE90370-1C4E-F0B8-7CA0-60F2A0D16A8C" otype="Relation" vid_source="0827006B-38E6-6924-BA48-C28566F1116C" vid_target="ACE0FFAC-318D-6B3C-E2F5-B71C68BB2D60">
<hideElementsInCurrentOnly>false</hideElementsInCurrentOnly>
<backgroundColor>-16777216</backgroundColor>
<lineWidth>1</lineWidth>
<points>
<point x="961" y="125"/>
<point x="1000" y="125"/>
</points>
</Connector>
<Connector class="oracle.dbtools.crest.swingui.logical.TVRelation" oid="F9ABADD6-9D97-9514-295B-CA455EA32E18" otype="Relation" vid_source="B9CEF843-6B29-220C-87F1-F09374839A6D" vid_target="7BC03EF8-92C8-ADBB-AF5D-91261E1D6AA4">
<hideElementsInCurrentOnly>false</hideElementsInCurrentOnly>
<backgroundColor>-16777216</backgroundColor>
<lineWidth>1</lineWidth>
<points>
<point x="890" y="544"/>
<point x="831" y="544"/>
</points>
</Connector>
<Connector class="oracle.dbtools.crest.swingui.logical.TVRelation" oid="FAF102AD-C8F5-4E3F-8317-D91B9107F396" otype="Relation" vid_source="B0C798CF-C4D7-CEB4-F22D-C52D8863A599" vid_target="E95FD2FC-A4E4-A6B6-2AA3-35F31BDD1FBE">
<hideElementsInCurrentOnly>false</hideElementsInCurrentOnly>
<backgroundColor>-16777216</backgroundColor>
<lineWidth>1</lineWidth>
<points>
<point x="210" y="222"/>
<point x="210" y="151"/>
</points>
</Connector>
</connectors>
</Diagram>