<?xml version = '1.0' encoding = 'UTF-8'?>
<Diagram class="oracle.dbtools.crest.swingui.relational.DPVRelational" name="Relational_1" id="23264D1A-8DBA-BED8-018A-A03165EE64D4">
<createdBy>felix</createdBy>
<modifiedBy>felix</modifiedBy>
<createdTime>2025-09-16 01:56:22 UTC</createdTime>
<autoRoute>false</autoRoute>
<boxInbox>true</boxInbox>
<showLegend>false</showLegend>
<showLabels>false</showLabels>
<showRelAttributes>false</showRelAttributes>
<gridEnabled>false</gridEnabled>
<showGrid>false</showGrid>
<diagramColor>-1</diagramColor>
<display>false</display>
<notation>1</notation>
<objectViews>
<OView class="oracle.dbtools.crest.swingui.relational.TVTable" oid="18B6F9A7-EE6A-93C3-EED9-D33538E39BB7" otype="Table" vid="F5CA8A44-7245-2755-1143-9323F25E176C">
<hideElementsInCurrentOnly>false</hideElementsInCurrentOnly>
<bounds x="885" y="27" width="234" height="105"/>
</OView>
<OView class="oracle.dbtools.crest.swingui.relational.TVTable" oid="321108EB-3D81-97E0-2C6B-2D7E6E781044" otype="Table" vid="A5579418-9FB5-40E1-610F-CE5881EA17EE">
<hideElementsInCurrentOnly>false</hideElementsInCurrentOnly>
<bounds x="948" y="465" width="288" height="125"/>
</OView>
<OView class="oracle.dbtools.crest.swingui.relational.TVTable" oid="43376330-9775-1A17-2698-1B71282E1A7E" otype="Table" vid="043D6904-0115-9FC3-9790-53822315112F">
<hideElementsInCurrentOnly>false</hideElementsInCurrentOnly>
<bounds x="27" y="483" width="334" height="184"/>
</OView>
<OView class="oracle.dbtools.crest.swingui.relational.TVTable" oid="4CD67F5F-E7BC-B3C4-9B0C-D1051B3CB55F" otype="Table" vid="656B592D-74A6-0141-543A-2ED8A944E7CB">
<hideElementsInCurrentOnly>false</hideElementsInCurrentOnly>
<bounds x="885" y="162" width="285" height="96"/>
</OView>
<OView class="oracle.dbtools.crest.swingui.relational.TVTable" oid="5CCD00B5-1E93-4A74-5B5D-4A0A990F581E" otype="Table" vid="4D6C5ADA-BF7E-B168-9BDC-0BBEE0929E37">
<hideElementsInCurrentOnly>false</hideElementsInCurrentOnly>
<bounds x="729" y="605" width="318" height="197"/>
</OView>
<OView class="oracle.dbtools.crest.swingui.relational.TVTable" oid="6FDFC402-D152-F347-533A-EF60DFE4AAD1" otype="Table" vid="9BCA0B80-C4C7-4FA2-C291-CE5CF23C0D20">
<hideElementsInCurrentOnly>false</hideElementsInCurrentOnly>
<bounds x="32" y="20" width="260" height="116"/>
</OView>
<OView class="oracle.dbtools.crest.swingui.relational.TVTable" oid="72E4E66D-E9BC-4AF9-7CD4-E06575F91BD2" otype="Table" vid="1533D577-1D13-3B6F-14E0-E2AEB151E863">
<hideElementsInCurrentOnly>false</hideElementsInCurrentOnly>
<bounds x="1095" y="611" width="300" height="166"/>
</OView>
<OView class="oracle.dbtools.crest.swingui.relational.TVTable" oid="955D66FA-7AD8-B391-BDAF-2DF68230EF1B" otype="Table" vid="2ABCA07C-0ADB-FE5B-42E2-5C48D7497CE0">
<hideElementsInCurrentOnly>false</hideElementsInCurrentOnly>
<bounds x="31" y="160" width="262" height="120"/>
</OView>
<OView class="oracle.dbtools.crest.swingui.relational.TVTable" oid="9D998854-C49A-EB99-1202-20013EF414F4" otype="Table" vid="15D5FC9D-59EB-6EA5-175A-366E78B8D5CC">
<hideElementsInCurrentOnly>false</hideElementsInCurrentOnly>
<bounds x="883" y="286" width="322" height="164"/>
</OView>
<OView class="oracle.dbtools.crest.swingui.relational.TVTable" oid="A2FAC5EC-B585-8AE0-3FD3-ED71C186520B" otype="Table" vid="E79FD1FF-BFF3-3F01-83DC-D8330647D343">
<hideElementsInCurrentOnly>false</hideElementsInCurrentOnly>
<bounds x="400" y="510" width="309" height="226"/>
</OView>
<OView class="oracle.dbtools.crest.swingui.relational.TVTable" oid="AD0231B1-B5E2-0ED4-5BF0-26D19B63743E" otype="Table" vid="52380968-D2C3-5740-82EC-45E87D161488">
<hideElementsInCurrentOnly>false</hideElementsInCurrentOnly>
<bounds x="29" y="300" width="262" height="121"/>
</OView>
<OView class="oracle.dbtools.crest.swingui.relational.TVTable" oid="CDDA745F-B193-24E1-2599-52BA7BFA9348" otype="Table" vid="1B615F8B-B755-BDFE-90AC-174949122B47">
<hideElementsInCurrentOnly>false</hideElementsInCurrentOnly>
<bounds x="340" y="20" width="421" height="321"/>
</OView>
<OView class="oracle.dbtools.crest.swingui.relational.TVTable" oid="E254248E-D8D0-176B-DFD6-3E008718D513" otype="Table" vid="8D506DC6-0576-E825-59C0-76835861B707">
<hideElementsInCurrentOnly>false</hideElementsInCurrentOnly>
<bounds x="350" y="200" width="201" height="131"/>
</OView>
<OView class="oracle.dbtools.crest.swingui.relational.TVTable" oid="EA4003D4-CC48-77CF-0E44-986B4F2EE4A3" otype="Table" vid="4DC33409-044E-DDA4-5D44-B8B1480EE63F">
<hideElementsInCurrentOnly>false</hideElementsInCurrentOnly>
<bounds x="560" y="200" width="191" height="131"/>
</OView>
</objectViews>
<connectors>
<Connector class="oracle.dbtools.crest.swingui.relational.TVFKRelation" oid="07420B92-E90C-9629-FB8B-C2E0885F4A7B" otype="FKIndexAssociation" vid_source="2ABCA07C-0ADB-FE5B-42E2-5C48D7497CE0" vid_target="8D506DC6-0576-E825-59C0-76835861B707">
<hideElementsInCurrentOnly>false</hideElementsInCurrentOnly>
<backgroundColor>-16777216</backgroundColor>
<lineWidth>1</lineWidth>
<points>
<point x="293" y="225"/>
<point x="305" y="225"/>
<point x="305" y="275"/>
<point x="350" y="275"/>
</points>
</Connector>
<Connector class="oracle.dbtools.crest.swingui.relational.TVFKRelation" oid="128AB928-DD10-1BD0-D2E9-3F486B229F6E" otype="FKIndexAssociation" vid_source="E79FD1FF-BFF3-3F01-83DC-D8330647D343" vid_target="4D6C5ADA-BF7E-B168-9BDC-0BBEE0929E37">
<hideElementsInCurrentOnly>false</hideElementsInCurrentOnly>
<backgroundColor>-16777216</backgroundColor>
<lineWidth>1</lineWidth>
<points>
<point x="645" y="541"/>
<point x="645" y="575"/>
<point x="645" y="725"/>
<point x="729" y="725"/>
</points>
</Connector>
<Connector class="oracle.dbtools.crest.swingui.relational.TVFKRelation" oid="150A7F22-C5A6-A756-B7EA-94CDC7D2D20C" otype="FKIndexAssociation" vid_source="4DC33409-044E-DDA4-5D44-B8B1480EE63F" vid_target="15D5FC9D-59EB-6EA5-175A-366E78B8D5CC">
<hideElementsInCurrentOnly>false</hideElementsInCurrentOnly>
<backgroundColor>-16777216</backgroundColor>
<lineWidth>1</lineWidth>
<points>
<point x="751" y="255"/>
<point x="815" y="255"/>
<point x="815" y="255"/>
<point x="883" y="286"/>
</points>
</Connector>
<Connector class="oracle.dbtools.crest.swingui.relational.TVFKRelation" oid="16EB8079-3426-3714-21F5-136B0E8233A4" otype="FKIndexAssociation" vid_source="4DC33409-044E-DDA4-5D44-B8B1480EE63F" vid_target="4D6C5ADA-BF7E-B168-9BDC-0BBEE0929E37">
<hideElementsInCurrentOnly>false</hideElementsInCurrentOnly>
<backgroundColor>-16777216</backgroundColor>
<lineWidth>1</lineWidth>
<points>
<point x="665" y="331"/>
<point x="665" y="475"/>
<point x="775" y="475"/>
<point x="775" y="605"/>
</points>
</Connector>
<Connector class="oracle.dbtools.crest.swingui.relational.TVFKRelation" oid="223F2DD6-BBDA-1CD1-AF0F-621D4AF5265F" otype="FKIndexAssociation" vid_source="A5579418-9FB5-40E1-610F-CE5881EA17EE" vid_target="4D6C5ADA-BF7E-B168-9BDC-0BBEE0929E37">
<hideElementsInCurrentOnly>false</hideElementsInCurrentOnly>
<backgroundColor>-16777216</backgroundColor>
<lineWidth>1</lineWidth>
<points>
<point x="948" y="525"/>
<point x="920" y="525"/>
<point x="920" y="675"/>
<point x="920" y="605"/>
</points>
</Connector>
<Connector class="oracle.dbtools.crest.swingui.relational.TVFKRelation" oid="2C9C6A49-7680-F3E8-6D14-D9C38D85B1D0" otype="FKIndexAssociation" vid_source="656B592D-74A6-0141-543A-2ED8A944E7CB" vid_target="4DC33409-044E-DDA4-5D44-B8B1480EE63F">
<hideElementsInCurrentOnly>false</hideElementsInCurrentOnly>
<backgroundColor>-16777216</backgroundColor>
<lineWidth>1</lineWidth>
<points>
<point x="885" y="258"/>
<point x="840" y="325"/>
<point x="840" y="235"/>
<point x="751" y="235"/>
</points>
</Connector>
<Connector class="oracle.dbtools.crest.swingui.relational.TVFKRelation" oid="36DBA0F9-B3E7-EED1-4603-BC506B619607" otype="FKIndexAssociation" vid_source="F5CA8A44-7245-2755-1143-9323F25E176C" vid_target="4DC33409-044E-DDA4-5D44-B8B1480EE63F">
<hideElementsInCurrentOnly>false</hideElementsInCurrentOnly>
<backgroundColor>-16777216</backgroundColor>
<lineWidth>1</lineWidth>
<points>
<point x="885" y="65"/>
<point x="815" y="65"/>
<point x="815" y="235"/>
<point x="751" y="235"/>
</points>
</Connector>
<Connector class="oracle.dbtools.crest.swingui.relational.TVFKRelation" oid="39E7EDC2-A6B9-2AF9-8D83-7478CC7A1733" otype="FKIndexAssociation" vid_source="9BCA0B80-C4C7-4FA2-C291-CE5CF23C0D20" vid_target="2ABCA07C-0ADB-FE5B-42E2-5C48D7497CE0">
<hideElementsInCurrentOnly>false</hideElementsInCurrentOnly>
<backgroundColor>-16777216</backgroundColor>
<lineWidth>1</lineWidth>
<points>
<point x="170" y="136"/>
<point x="170" y="145"/>
<point x="170" y="145"/>
<point x="170" y="160"/>
</points>
</Connector>
<Connector class="oracle.dbtools.crest.swingui.relational.TVFKRelation" oid="4573B007-2809-DBC3-40C4-299A5CD48023" otype="FKIndexAssociation" vid_source="1B615F8B-B755-BDFE-90AC-174949122B47" vid_target="8D506DC6-0576-E825-59C0-76835861B707">
<hideElementsInCurrentOnly>false</hideElementsInCurrentOnly>
<backgroundColor>-16777216</backgroundColor>
<lineWidth>1</lineWidth>
<points>
<point x="761" y="265"/>
<point x="350" y="265"/>
</points>
</Connector>
<Connector class="oracle.dbtools.crest.swingui.relational.TVFKRelation" oid="7154F460-F8EA-CFDE-90F5-2A38AE58C669" otype="FKIndexAssociation" vid_source="656B592D-74A6-0141-543A-2ED8A944E7CB" vid_target="E79FD1FF-BFF3-3F01-83DC-D8330647D343">
<hideElementsInCurrentOnly>false</hideElementsInCurrentOnly>
<backgroundColor>-16777216</backgroundColor>
<lineWidth>1</lineWidth>
<points>
<point x="885" y="258"/>
<point x="740" y="365"/>
<point x="740" y="595"/>
<point x="709" y="595"/>
</points>
</Connector>
<Connector class="oracle.dbtools.crest.swingui.relational.TVFKRelation" oid="939D1D72-9B26-089D-6932-74C88FD7F5BD" otype="FKIndexAssociation" vid_source="4D6C5ADA-BF7E-B168-9BDC-0BBEE0929E37" vid_target="8D506DC6-0576-E825-59C0-76835861B707">
<hideElementsInCurrentOnly>false</hideElementsInCurrentOnly>
<backgroundColor>-16777216</backgroundColor>
<lineWidth>1</lineWidth>
<points>
<point x="835" y="605"/>
<point x="835" y="475"/>
<point x="420" y="475"/>
<point x="420" y="331"/>
</points>
</Connector>
<Connector class="oracle.dbtools.crest.swingui.relational.TVFKRelation" oid="A6E2E8B4-3065-81EA-463E-1A7824E506FC" otype="FKIndexAssociation" vid_source="4D6C5ADA-BF7E-B168-9BDC-0BBEE0929E37" vid_target="1533D577-1D13-3B6F-14E0-E2AEB151E863">
<hideElementsInCurrentOnly>false</hideElementsInCurrentOnly>
<backgroundColor>-16777216</backgroundColor>
<lineWidth>1</lineWidth>
<points>
<point x="885" y="802"/>
<point x="885" y="775"/>
<point x="885" y="730"/>
<point x="1095" y="730"/>
</points>
</Connector>
<Connector class="oracle.dbtools.crest.swingui.relational.TVFKRelation" oid="A74B117F-CB42-82CD-784D-D8B70B6720E5" otype="FKIndexAssociation" vid_source="8D506DC6-0576-E825-59C0-76835861B707" vid_target="E79FD1FF-BFF3-3F01-83DC-D8330647D343">
<hideElementsInCurrentOnly>false</hideElementsInCurrentOnly>
<backgroundColor>-16777216</backgroundColor>
<lineWidth>1</lineWidth>
<points>
<point x="450" y="331"/>
<point x="450" y="420"/>
<point x="455" y="420"/>
<point x="455" y="510"/>
</points>
</Connector>
<Connector class="oracle.dbtools.crest.swingui.relational.TVFKRelation" oid="B0B0E803-EFE9-7AB6-B28F-5AB0CA96D483" otype="FKIndexAssociation" vid_source="4DC33409-044E-DDA4-5D44-B8B1480EE63F" vid_target="E79FD1FF-BFF3-3F01-83DC-D8330647D343">
<hideElementsInCurrentOnly>false</hideElementsInCurrentOnly>
<backgroundColor>-16777216</backgroundColor>
<lineWidth>1</lineWidth>
<points>
<point x="655" y="331"/>
<point x="655" y="390"/>
<point x="515" y="390"/>
<point x="515" y="510"/>
</points>
</Connector>
<Connector class="oracle.dbtools.crest.swingui.relational.TVFKRelation" oid="B6943297-20C8-768B-875E-F631517A8EA2" otype="FKIndexAssociation" vid_source="4DC33409-044E-DDA4-5D44-B8B1480EE63F" vid_target="4DC33409-044E-DDA4-5D44-B8B1480EE63F">
<hideElementsInCurrentOnly>false</hideElementsInCurrentOnly>
<backgroundColor>-16777216</backgroundColor>
<lineWidth>1</lineWidth>
<points>
<point x="751" y="277"/>
<point x="776" y="277"/>
<point x="776" y="356"/>
<point x="672" y="356"/>
<point x="672" y="331"/>
</points>
</Connector>
<Connector class="oracle.dbtools.crest.swingui.relational.TVFKRelation" oid="D7185641-F6D4-EDEF-82B6-9C6FCF56C6BC" otype="FKIndexAssociation" vid_source="1B615F8B-B755-BDFE-90AC-174949122B47" vid_target="4DC33409-044E-DDA4-5D44-B8B1480EE63F">
<hideElementsInCurrentOnly>false</hideElementsInCurrentOnly>
<backgroundColor>-16777216</backgroundColor>
<lineWidth>1</lineWidth>
<points>
<point x="761" y="280"/>
<point x="560" y="280"/>
</points>
</Connector>
<Connector class="oracle.dbtools.crest.swingui.relational.TVFKRelation" oid="E8E6B4A1-A9F1-81F6-7C10-62E11BF51681" otype="FKIndexAssociation" vid_source="52380968-D2C3-5740-82EC-45E87D161488" vid_target="8D506DC6-0576-E825-59C0-76835861B707">
<hideElementsInCurrentOnly>false</hideElementsInCurrentOnly>
<backgroundColor>-16777216</backgroundColor>
<lineWidth>1</lineWidth>
<points>
<point x="291" y="300"/>
<point x="335" y="235"/>
<point x="335" y="325"/>
<point x="350" y="325"/>
</points>
</Connector>
<Connector class="oracle.dbtools.crest.swingui.relational.TVFKRelation" oid="FB6FF94D-8A13-BE4C-BAE2-98112E0B6C93" otype="FKIndexAssociation" vid_source="E79FD1FF-BFF3-3F01-83DC-D8330647D343" vid_target="043D6904-0115-9FC3-9790-53822315112F">
<hideElementsInCurrentOnly>false</hideElementsInCurrentOnly>
<backgroundColor>-16777216</backgroundColor>
<lineWidth>1</lineWidth>
<points>
<point x="400" y="605"/>
<point x="330" y="605"/>
<point x="330" y="605"/>
<point x="330" y="611"/>
</points>
</Connector>
</connectors>
<arcs>
<Arc class="oracle.dbtools.crest.swingui.relational.TVFKArc" oid="A99E24E5-7392-6293-8448-9DDA2C690616" otype="FKArc" vid="E23E0213-787C-30B0-9B16-21E5C4EDFB17">
<hideElementsInCurrentOnly>false</hideElementsInCurrentOnly>
<bounds x="320" y="0" width="461" height="361"/>
</Arc>
</arcs>
</Diagram>