<?xml version = '1.0' encoding = 'UTF-8'?>
<FKIndexAssociation class="oracle.dbtools.crest.model.design.relational.FKIndexAssociation" directorySegmentName="seg_0" id="07420B92-E90C-9629-FB8B-C2E0885F4A7B" containerWithKeyObject="E254248E-D8D0-176B-DFD6-3E008718D513" localFKIndex="64470936-A811-EBD3-0B1F-F555DB57109E" name="PACIENTE_COMUNA_FK">
<createdBy>felix</createdBy>
<createdTime>2025-09-16 01:56:22 UTC</createdTime>
<generatorID>9991B157-B9E4-1FF2-9899-D51008072FA8</generatorID>
<ownerDesignName>MER_Gestión_Médica_Laboratorio</ownerDesignName>
<referredTableLongName>COMUNA</referredTableLongName>
<deleteRule>NO ACTION</deleteRule>
<referredTableID>955D66FA-7AD8-B391-BDAF-2DF68230EF1B</referredTableID>
<keyObject>DBCB6FD2-20DA-A107-35CD-6DB9F7B8F9D5</keyObject>
<referredKeyID>DBCB6FD2-20DA-A107-35CD-6DB9F7B8F9D5</referredKeyID>
<mandatory>true</mandatory>
<refColNames>id_comuna</refColNames>
<transferable>true</transferable>
<rely>false</rely>
<columnDependencyConstraintGenerateInDDL>true</columnDependencyConstraintGenerateInDDL>
</FKIndexAssociation>