<?xml version = '1.0' encoding = 'UTF-8'?>
<FKIndexAssociation class="oracle.dbtools.crest.model.design.relational.FKIndexAssociation" directorySegmentName="seg_0" id="128AB928-DD10-1BD0-D2E9-3F486B229F6E" containerWithKeyObject="5CCD00B5-1E93-4A74-5B5D-4A0A990F581E" localFKIndex="326EC91F-E217-163E-F1C1-1C356777E783" name="SOLICITUD_EXAMEN_ATENCION_MEDICA_FK">
<createdBy>felix</createdBy>
<createdTime>2025-09-16 01:56:22 UTC</createdTime>
<generatorID>E6967AC4-E2D1-AC65-56ED-699E91890F97</generatorID>
<ownerDesignName>MER_Gestión_Médica_Laboratorio</ownerDesignName>
<referredTableLongName>ATENCION_MEDICA</referredTableLongName>
<deleteRule>NO ACTION</deleteRule>
<referredTableID>A2FAC5EC-B585-8AE0-3FD3-ED71C186520B</referredTableID>
<keyObject>2D224BC8-1D95-F4B1-3F02-BCFE2EDA1ACC</keyObject>
<referredKeyID>2D224BC8-1D95-F4B1-3F02-BCFE2EDA1ACC</referredKeyID>
<mandatory>true</mandatory>
<refColNames>id_atencion</refColNames>
<transferable>true</transferable>
<rely>false</rely>
<columnDependencyConstraintGenerateInDDL>true</columnDependencyConstraintGenerateInDDL>
</FKIndexAssociation>