<?xml version = '1.0' encoding = 'UTF-8'?>
<FKIndexAssociation class="oracle.dbtools.crest.model.design.relational.FKIndexAssociation" directorySegmentName="seg_0" id="150A7F22-C5A6-A756-B7EA-94CDC7D2D20C" containerWithKeyObject="9D998854-C49A-EB99-1202-20013EF414F4" localFKIndex="E2C8923A-FA8E-0C45-2157-9428A7E63179" name="INSTITUCION_SALUD_MEDICO_FK">
<createdBy>felix</createdBy>
<createdTime>2025-09-16 01:56:22 UTC</createdTime>
<generatorID>EDA865AB-18D1-1374-BB08-F33A83FF60B0</generatorID>
<ownerDesignName>MER_Gestión_Médica_Laboratorio</ownerDesignName>
<referredTableLongName>MEDICO</referredTableLongName>
<deleteRule>NO ACTION</deleteRule>
<referredTableID>EA4003D4-CC48-77CF-0E44-986B4F2EE4A3</referredTableID>
<keyObject>55827A7D-E2F7-A933-9732-B949FDBC8711</keyObject>
<referredKeyID>55827A7D-E2F7-A933-9732-B949FDBC8711</referredKeyID>
<mandatory>true</mandatory>
<refColNames>id_persona</refColNames>
<transferable>true</transferable>
<rely>false</rely>
<columnDependencyConstraintGenerateInDDL>true</columnDependencyConstraintGenerateInDDL>
</FKIndexAssociation>