<?xml version = '1.0' encoding = 'UTF-8'?>
<FKIndexAssociation class="oracle.dbtools.crest.model.design.relational.FKIndexAssociation" directorySegmentName="seg_0" id="16EB8079-3426-3714-21F5-136B0E8233A4" containerWithKeyObject="5CCD00B5-1E93-4A74-5B5D-4A0A990F581E" localFKIndex="2E80B4A6-8DBD-FAB9-ACD6-0181B47A55B5" name="SOLICITUD_EXAMEN_MEDICO_FK">
<createdBy>felix</createdBy>
<createdTime>2025-09-16 01:56:22 UTC</createdTime>
<generatorID>7C8F4F37-D6CB-C679-FF5A-0E55E4565004</generatorID>
<ownerDesignName>MER_Gestión_Médica_Laboratorio</ownerDesignName>
<referredTableLongName>MEDICO</referredTableLongName>
<deleteRule>NO ACTION</deleteRule>
<referredTableID>EA4003D4-CC48-77CF-0E44-986B4F2EE4A3</referredTableID>
<keyObject>55827A7D-E2F7-A933-9732-B949FDBC8711</keyObject>
<referredKeyID>55827A7D-E2F7-A933-9732-B949FDBC8711</referredKeyID>
<mandatory>true</mandatory>
<refColNames>id_persona</refColNames>
<transferable>true</transferable>
<rely>false</rely>
<columnDependencyConstraintGenerateInDDL>true</columnDependencyConstraintGenerateInDDL>
</FKIndexAssociation>