<?xml version = '1.0' encoding = 'UTF-8'?>
<FKIndexAssociation class="oracle.dbtools.crest.model.design.relational.FKIndexAssociation" directorySegmentName="seg_0" id="223F2DD6-BBDA-1CD1-AF0F-621D4AF5265F" containerWithKeyObject="5CCD00B5-1E93-4A74-5B5D-4A0A990F581E" localFKIndex="98C66425-B095-3037-B564-C9F3416B5224" name="SOLICITUD_EXAMEN_EXAMEN_FK">
<createdBy>felix</createdBy>
<createdTime>2025-09-16 01:56:22 UTC</createdTime>
<generatorID>D1CF9167-8847-3888-7BA7-BD53F084DDD0</generatorID>
<ownerDesignName>MER_Gestión_Médica_Laboratorio</ownerDesignName>
<referredTableLongName>EXAMEN</referredTableLongName>
<deleteRule>NO ACTION</deleteRule>
<referredTableID>321108EB-3D81-97E0-2C6B-2D7E6E781044</referredTableID>
<keyObject>F4354ADD-E529-DAA9-07DA-BCC7E68C2ABA</keyObject>
<referredKeyID>F4354ADD-E529-DAA9-07DA-BCC7E68C2ABA</referredKeyID>
<mandatory>true</mandatory>
<refColNames>id_examen</refColNames>
<transferable>true</transferable>
<rely>false</rely>
<columnDependencyConstraintGenerateInDDL>true</columnDependencyConstraintGenerateInDDL>
</FKIndexAssociation>