<?xml version = '1.0' encoding = 'UTF-8'?>
<FKIndexAssociation class="oracle.dbtools.crest.model.design.relational.FKIndexAssociation" directorySegmentName="seg_0" id="2C9C6A49-7680-F3E8-6D14-D9C38D85B1D0" containerWithKeyObject="EA4003D4-CC48-77CF-0E44-986B4F2EE4A3" localFKIndex="1ABBC7FA-D770-7831-9CB0-D958ED72B1EB" name="MEDICO_ESPECIALIDAD_FK">
<createdBy>felix</createdBy>
<createdTime>2025-09-16 01:56:22 UTC</createdTime>
<generatorID>F9E90FC4-A737-8E6D-64F3-4F9E1A1E0D99</generatorID>
<ownerDesignName>MER_Gestión_Médica_Laboratorio</ownerDesignName>
<referredTableLongName>ESPECIALIDAD</referredTableLongName>
<deleteRule>NO ACTION</deleteRule>
<referredTableID>4CD67F5F-E7BC-B3C4-9B0C-D1051B3CB55F</referredTableID>
<keyObject>D817FB0F-B409-D450-D1D4-F6A469078426</keyObject>
<referredKeyID>D817FB0F-B409-D450-D1D4-F6A469078426</referredKeyID>
<mandatory>true</mandatory>
<refColNames>id_especialidad</refColNames>
<transferable>true</transferable>
<rely>false</rely>
<columnDependencyConstraintGenerateInDDL>true</columnDependencyConstraintGenerateInDDL>
</FKIndexAssociation>