<?xml version = '1.0' encoding = 'UTF-8'?>
<FKIndexAssociation class="oracle.dbtools.crest.model.design.relational.FKIndexAssociation" directorySegmentName="seg_0" id="36DBA0F9-B3E7-EED1-4603-BC506B619607" containerWithKeyObject="EA4003D4-CC48-77CF-0E44-986B4F2EE4A3" localFKIndex="5E7B79F2-FDAB-A862-C72F-9290D924409F" name="MEDICO_UNIDAD_FK">
<createdBy>felix</createdBy>
<createdTime>2025-09-16 01:56:22 UTC</createdTime>
<generatorID>7DFCA760-06BA-3368-7CCB-3CF4ED9BFE79</generatorID>
<ownerDesignName>MER_Gestión_Médica_Laboratorio</ownerDesignName>
<referredTableLongName>UNIDAD</referredTableLongName>
<deleteRule>NO ACTION</deleteRule>
<referredTableID>18B6F9A7-EE6A-93C3-EED9-D33538E39BB7</referredTableID>
<keyObject>5B1D9F51-35DA-C2A6-4067-9BC92CFBA489</keyObject>
<referredKeyID>5B1D9F51-35DA-C2A6-4067-9BC92CFBA489</referredKeyID>
<mandatory>true</mandatory>
<refColNames>id_unidad</refColNames>
<transferable>true</transferable>
<rely>false</rely>
<columnDependencyConstraintGenerateInDDL>true</columnDependencyConstraintGenerateInDDL>
</FKIndexAssociation>