<?xml version = '1.0' encoding = 'UTF-8'?>
<FKIndexAssociation class="oracle.dbtools.crest.model.design.relational.FKIndexAssociation" directorySegmentName="seg_0" id="39E7EDC2-A6B9-2AF9-8D83-7478CC7A1733" containerWithKeyObject="955D66FA-7AD8-B391-BDAF-2DF68230EF1B" localFKIndex="93371242-E0AF-0C79-4232-21E32EE086A5" name="COMUNA_REGION_FK">
<createdBy>felix</createdBy>
<createdTime>2025-09-16 01:56:22 UTC</createdTime>
<generatorID>E586D7E3-316A-49DB-6A3A-B39A4B10DB68</generatorID>
<ownerDesignName>MER_Gestión_Médica_Laboratorio</ownerDesignName>
<referredTableLongName>REGION</referredTableLongName>
<deleteRule>NO ACTION</deleteRule>
<referredTableID>6FDFC402-D152-F347-533A-EF60DFE4AAD1</referredTableID>
<keyObject>05FE75F7-F56D-40FB-C1F9-B6E6BFA6F6E1</keyObject>
<referredKeyID>05FE75F7-F56D-40FB-C1F9-B6E6BFA6F6E1</referredKeyID>
<mandatory>true</mandatory>
<refColNames>id_region</refColNames>
<transferable>true</transferable>
<rely>false</rely>
<columnDependencyConstraintGenerateInDDL>true</columnDependencyConstraintGenerateInDDL>
</FKIndexAssociation>