<?xml version = '1.0' encoding = 'UTF-8'?>
<FKIndexAssociation class="oracle.dbtools.crest.model.design.relational.FKIndexAssociation" directorySegmentName="seg_0" id="4573B007-2809-DBC3-40C4-299A5CD48023" containerWithKeyObject="E254248E-D8D0-176B-DFD6-3E008718D513" localFKIndex="A423EC8C-0FAC-2DB5-4C30-89EFB9425D53" name="PACIENTE_PERSONA_FK">
<createdBy>felix</createdBy>
<createdTime>2025-09-16 01:56:22 UTC</createdTime>
<generatorID>57065A36-CC26-5D2F-0D68-A2A8FF6C4F17</generatorID>
<ownerDesignName>MER_Gestión_Médica_Laboratorio</ownerDesignName>
<referredTableLongName>PERSONA</referredTableLongName>
<arc>A99E24E5-7392-6293-8448-9DDA2C690616</arc>
<deleteRule>NO ACTION</deleteRule>
<referredTableID>CDDA745F-B193-24E1-2599-52BA7BFA9348</referredTableID>
<keyObject>37D3E24B-96B5-0A29-0BBB-2EA4FEBA0530</keyObject>
<referredKeyID>37D3E24B-96B5-0A29-0BBB-2EA4FEBA0530</referredKeyID>
<mandatory>true</mandatory>
<refColNames>id_persona</refColNames>
<transferable>true</transferable>
<rely>false</rely>
<columnDependencyConstraintGenerateInDDL>true</columnDependencyConstraintGenerateInDDL>
</FKIndexAssociation>