<?xml version = '1.0' encoding = 'UTF-8'?>
<FKIndexAssociation class="oracle.dbtools.crest.model.design.relational.FKIndexAssociation" directorySegmentName="seg_0" id="7154F460-F8EA-CFDE-90F5-2A38AE58C669" containerWithKeyObject="A2FAC5EC-B585-8AE0-3FD3-ED71C186520B" localFKIndex="EE7C7F0D-13FA-EDEF-1AFB-E5E5348EB3F4" name="ATENCION_MEDICA_ESPECIALIDAD_FK">
<createdBy>felix</createdBy>
<createdTime>2025-09-16 01:56:22 UTC</createdTime>
<generatorID>14835A0D-8398-F0D3-4940-C1D2FB99E4B9</generatorID>
<ownerDesignName>MER_Gestión_Médica_Laboratorio</ownerDesignName>
<referredTableLongName>ESPECIALIDAD</referredTableLongName>
<deleteRule>NO ACTION</deleteRule>
<referredTableID>4CD67F5F-E7BC-B3C4-9B0C-D1051B3CB55F</referredTableID>
<keyObject>D817FB0F-B409-D450-D1D4-F6A469078426</keyObject>
<referredKeyID>D817FB0F-B409-D450-D1D4-F6A469078426</referredKeyID>
<mandatory>true</mandatory>
<refColNames>id_especialidad</refColNames>
<transferable>true</transferable>
<rely>false</rely>
<columnDependencyConstraintGenerateInDDL>true</columnDependencyConstraintGenerateInDDL>
</FKIndexAssociation>