<?xml version = '1.0' encoding = 'UTF-8'?>
<FKIndexAssociation class="oracle.dbtools.crest.model.design.relational.FKIndexAssociation" directorySegmentName="seg_0" id="939D1D72-9B26-089D-6932-74C88FD7F5BD" containerWithKeyObject="E254248E-D8D0-176B-DFD6-3E008718D513" localFKIndex="81167278-1640-5DDC-63C6-8E879A501D90" name="PACIENTE_SOLICITUD_EXAMEN_FK">
<createdBy>felix</createdBy>
<createdTime>2025-09-16 01:56:22 UTC</createdTime>
<generatorID>010DB45D-8147-4595-0FED-A97A41EFACC9</generatorID>
<ownerDesignName>MER_Gestión_Médica_Laboratorio</ownerDesignName>
<referredTableLongName>SOLICITUD_EXAMEN</referredTableLongName>
<deleteRule>NO ACTION</deleteRule>
<referredTableID>5CCD00B5-1E93-4A74-5B5D-4A0A990F581E</referredTableID>
<keyObject>1DCB3949-2B56-FD06-5640-D431D0462103</keyObject>
<referredKeyID>1DCB3949-2B56-FD06-5640-D431D0462103</referredKeyID>
<mandatory>true</mandatory>
<refColNames>id_solicitud</refColNames>
<transferable>true</transferable>
<rely>false</rely>
<columnDependencyConstraintGenerateInDDL>true</columnDependencyConstraintGenerateInDDL>
</FKIndexAssociation>