<?xml version = '1.0' encoding = 'UTF-8'?>
<FKIndexAssociation class="oracle.dbtools.crest.model.design.relational.FKIndexAssociation" directorySegmentName="seg_0" id="A6E2E8B4-3065-81EA-463E-1A7824E506FC" containerWithKeyObject="72E4E66D-E9BC-4AF9-7CD4-E06575F91BD2" localFKIndex="F6F33553-7685-F46A-CE19-059621699A47" name="RESULTADO_EXAMEN_SOLICITUD_EXAMEN_FK">
<createdBy>felix</createdBy>
<createdTime>2025-09-16 01:56:22 UTC</createdTime>
<generatorID>A35E818D-39EC-CCAF-6636-ECA3AD79B62C</generatorID>
<ownerDesignName>MER_Gestión_Médica_Laboratorio</ownerDesignName>
<referredTableLongName>SOLICITUD_EXAMEN</referredTableLongName>
<deleteRule>NO ACTION</deleteRule>
<referredTableID>5CCD00B5-1E93-4A74-5B5D-4A0A990F581E</referredTableID>
<keyObject>1DCB3949-2B56-FD06-5640-D431D0462103</keyObject>
<referredKeyID>1DCB3949-2B56-FD06-5640-D431D0462103</referredKeyID>
<mandatory>true</mandatory>
<refColNames>id_solicitud</refColNames>
<transferable>true</transferable>
<rely>false</rely>
<columnDependencyConstraintGenerateInDDL>true</columnDependencyConstraintGenerateInDDL>
</FKIndexAssociation>