<?xml version = '1.0' encoding = 'UTF-8'?>
<FKIndexAssociation class="oracle.dbtools.crest.model.design.relational.FKIndexAssociation" directorySegmentName="seg_0" id="A74B117F-CB42-82CD-784D-D8B70B6720E5" containerWithKeyObject="A2FAC5EC-B585-8AE0-3FD3-ED71C186520B" localFKIndex="FFA4B845-C8A2-CDEE-1A97-54754FE11D86" name="ATENCION_MEDICA_PACIENTE_FK">
<createdBy>felix</createdBy>
<createdTime>2025-09-16 01:56:22 UTC</createdTime>
<generatorID>DD6F3685-9B80-1C9D-2E67-C9ED4B81B782</generatorID>
<ownerDesignName>MER_Gestión_Médica_Laboratorio</ownerDesignName>
<referredTableLongName>PACIENTE</referredTableLongName>
<deleteRule>NO ACTION</deleteRule>
<referredTableID>E254248E-D8D0-176B-DFD6-3E008718D513</referredTableID>
<keyObject>877FC507-45C5-A63C-33FE-23603C64BEF8</keyObject>
<referredKeyID>877FC507-45C5-A63C-33FE-23603C64BEF8</referredKeyID>
<mandatory>true</mandatory>
<refColNames>id_persona</refColNames>
<transferable>true</transferable>
<rely>false</rely>
<columnDependencyConstraintGenerateInDDL>true</columnDependencyConstraintGenerateInDDL>
</FKIndexAssociation>