<?xml version = '1.0' encoding = 'UTF-8'?>
<FKIndexAssociation class="oracle.dbtools.crest.model.design.relational.FKIndexAssociation" directorySegmentName="seg_0" id="B0B0E803-EFE9-7AB6-B28F-5AB0CA96D483" containerWithKeyObject="A2FAC5EC-B585-8AE0-3FD3-ED71C186520B" localFKIndex="9E457100-CA0A-BF26-21BB-4F5D9B10985E" name="ATENCION_MEDICA_MEDICO_FK">
<createdBy>felix</createdBy>
<createdTime>2025-09-16 01:56:22 UTC</createdTime>
<generatorID>98045A3F-9A8C-9AF3-AF9F-10B9DBFC49D3</generatorID>
<ownerDesignName>MER_Gestión_Médica_Laboratorio</ownerDesignName>
<referredTableLongName>MEDICO</referredTableLongName>
<deleteRule>NO ACTION</deleteRule>
<referredTableID>EA4003D4-CC48-77CF-0E44-986B4F2EE4A3</referredTableID>
<keyObject>55827A7D-E2F7-A933-9732-B949FDBC8711</keyObject>
<referredKeyID>55827A7D-E2F7-A933-9732-B949FDBC8711</referredKeyID>
<mandatory>true</mandatory>
<refColNames>id_persona</refColNames>
<transferable>true</transferable>
<rely>false</rely>
<columnDependencyConstraintGenerateInDDL>true</columnDependencyConstraintGenerateInDDL>
</FKIndexAssociation>