<?xml version = '1.0' encoding = 'UTF-8'?>
<FKIndexAssociation class="oracle.dbtools.crest.model.design.relational.FKIndexAssociation" directorySegmentName="seg_0" id="B6943297-20C8-768B-875E-F631517A8EA2" containerWithKeyObject="EA4003D4-CC48-77CF-0E44-986B4F2EE4A3" localFKIndex="05826AF8-8F4F-B76D-004F-0F69C414EF04" name="MEDICO_MEDICO_FK">
<createdBy>felix</createdBy>
<createdTime>2025-09-16 01:56:22 UTC</createdTime>
<generatorID>6CC31D99-E582-6F47-9E35-29751FC3771F</generatorID>
<ownerDesignName>MER_Gestión_Médica_Laboratorio</ownerDesignName>
<referredTableLongName>MEDICO</referredTableLongName>
<deleteRule>NO ACTION</deleteRule>
<referredTableID>EA4003D4-CC48-77CF-0E44-986B4F2EE4A3</referredTableID>
<keyObject>55827A7D-E2F7-A933-9732-B949FDBC8711</keyObject>
<referredKeyID>55827A7D-E2F7-A933-9732-B949FDBC8711</referredKeyID>
<mandatory>true</mandatory>
<refColNames>id_persona</refColNames>
<transferable>true</transferable>
<rely>false</rely>
<columnDependencyConstraintGenerateInDDL>true</columnDependencyConstraintGenerateInDDL>
</FKIndexAssociation>