<?xml version = '1.0' encoding = 'UTF-8'?>
<FKIndexAssociation class="oracle.dbtools.crest.model.design.relational.FKIndexAssociation" directorySegmentName="seg_0" id="D7185641-F6D4-EDEF-82B6-9C6FCF56C6BC" containerWithKeyObject="EA4003D4-CC48-77CF-0E44-986B4F2EE4A3" localFKIndex="0C74E985-6AFD-3972-2154-A5CCF4203616" name="MEDICO_PERSONA_FK">
<createdBy>felix</createdBy>
<createdTime>2025-09-16 01:56:22 UTC</createdTime>
<generatorID>1790CD8C-8603-1CBF-5A60-688E034EC835</generatorID>
<ownerDesignName>MER_Gestión_Médica_Laboratorio</ownerDesignName>
<referredTableLongName>PERSONA</referredTableLongName>
<arc>A99E24E5-7392-6293-8448-9DDA2C690616</arc>
<deleteRule>NO ACTION</deleteRule>
<referredTableID>CDDA745F-B193-24E1-2599-52BA7BFA9348</referredTableID>
<keyObject>37D3E24B-96B5-0A29-0BBB-2EA4FEBA0530</keyObject>
<referredKeyID>37D3E24B-96B5-0A29-0BBB-2EA4FEBA0530</referredKeyID>
<mandatory>true</mandatory>
<refColNames>id_persona</refColNames>
<transferable>true</transferable>
<rely>false</rely>
<columnDependencyConstraintGenerateInDDL>true</columnDependencyConstraintGenerateInDDL>
</FKIndexAssociation>