<?xml version = '1.0' encoding = 'UTF-8'?>
<FKIndexAssociation class="oracle.dbtools.crest.model.design.relational.FKIndexAssociation" directorySegmentName="seg_0" id="E8E6B4A1-A9F1-81F6-7C10-62E11BF51681" containerWithKeyObject="E254248E-D8D0-176B-DFD6-3E008718D513" localFKIndex="E5FBF258-5534-D4FF-E101-E89132699438" name="PACIENTE_AFP_FK">
<createdBy>felix</createdBy>
<createdTime>2025-09-16 01:56:22 UTC</createdTime>
<generatorID>8D6B236B-3D29-27D3-D34A-13394035E035</generatorID>
<ownerDesignName>MER_Gestión_Médica_Laboratorio</ownerDesignName>
<referredTableLongName>AFP</referredTableLongName>
<deleteRule>NO ACTION</deleteRule>
<referredTableID>AD0231B1-B5E2-0ED4-5BF0-26D19B63743E</referredTableID>
<keyObject>A611C7C8-0575-A765-DBF1-B8B7DB5BFABC</keyObject>
<referredKeyID>A611C7C8-0575-A765-DBF1-B8B7DB5BFABC</referredKeyID>
<mandatory>false</mandatory>
<refColNames>id_afp</refColNames>
<transferable>true</transferable>
<rely>false</rely>
<columnDependencyConstraintGenerateInDDL>true</columnDependencyConstraintGenerateInDDL>
</FKIndexAssociation>