<?xml version = '1.0' encoding = 'UTF-8'?>
<FKIndexAssociation class="oracle.dbtools.crest.model.design.relational.FKIndexAssociation" directorySegmentName="seg_0" id="FB6FF94D-8A13-BE4C-BAE2-98112E0B6C93" containerWithKeyObject="43376330-9775-1A17-2698-1B71282E1A7E" localFKIndex="5F8EC37F-F9D5-EEF6-4A22-5CABF9F411EC" name="PAGO_ATENCION_ATENCION_MEDICA_FK">
<createdBy>felix</createdBy>
<createdTime>2025-09-16 01:56:22 UTC</createdTime>
<generatorID>79361BC1-6EC3-99A0-45A4-028F53878A2E</generatorID>
<ownerDesignName>MER_Gestión_Médica_Laboratorio</ownerDesignName>
<referredTableLongName>ATENCION_MEDICA</referredTableLongName>
<deleteRule>NO ACTION</deleteRule>
<referredTableID>A2FAC5EC-B585-8AE0-3FD3-ED71C186520B</referredTableID>
<keyObject>2D224BC8-1D95-F4B1-3F02-BCFE2EDA1ACC</keyObject>
<referredKeyID>2D224BC8-1D95-F4B1-3F02-BCFE2EDA1ACC</referredKeyID>
<mandatory>true</mandatory>
<refColNames>id_atencion</refColNames>
<transferable>true</transferable>
<rely>false</rely>
<columnDependencyConstraintGenerateInDDL>true</columnDependencyConstraintGenerateInDDL>
</FKIndexAssociation>