<?xml version = '1.0' encoding = 'UTF-8'?>
<Relation class="oracle.dbtools.crest.model.design.logical.Relation" name="OTORGADO_A" directorySegmentName="seg_0" id="15F148CD-27A4-D3C4-A455-ED081E770AB1">
<createdBy>felix</createdBy>
<createdTime>2025-09-08 15:23:45 UTC</createdTime>
<ownerDesignName>MER_MinTrabajo_SistemaPostulaciones</ownerDesignName>
<engineerTo>
<item key="E89CB065-A639-A787-63E2-8985328B8EFC" value="true"/>
</engineerTo>
<sourcePk>F729FFE4-F0A6-4482-9108-6131164527AE</sourcePk>
<identifying>true</identifying>
<optionalSource>true</optionalSource>
<optionalTarget>false</optionalTarget>
<sourceCardinality>1</sourceCardinality>
<sourceEntity>D0AF0CA9-4C92-822F-FA09-A2DB91FFA86D</sourceEntity>
<targetCardinalityString>*</targetCardinalityString>
<targetEntity>B45A1B1A-ADFD-26D6-10F1-2FC8D1A4658A</targetEntity>
<transferable>true</transferable>
<deleteRule>NO ACTION</deleteRule>
</Relation>