<?xml version = '1.0' encoding = 'UTF-8'?>
<Relation class="oracle.dbtools.crest.model.design.logical.Relation" name="UBICADA_EN_PAIS" directorySegmentName="seg_0" id="1DE9249A-3690-BA66-889C-11F13AC9FF01">
<createdBy>felix</createdBy>
<createdTime>2025-09-08 15:00:44 UTC</createdTime>
<ownerDesignName>MER_MinTrabajo_SistemaPostulaciones</ownerDesignName>
<engineerTo>
<item key="E89CB065-A639-A787-63E2-8985328B8EFC" value="true"/>
</engineerTo>
<sourcePk>0F808DDC-B058-C602-AF71-ADD472FFB75C</sourcePk>
<identifying>false</identifying>
<optionalSource>true</optionalSource>
<optionalTarget>false</optionalTarget>
<sourceCardinality>1</sourceCardinality>
<sourceEntity>A574CF1E-D4C5-F413-9330-FF94A2DFAAE3</sourceEntity>
<targetCardinalityString>*</targetCardinalityString>
<targetEntity>B267AF72-10A2-740F-454A-FF9E1CBA2815</targetEntity>
<transferable>true</transferable>
<deleteRule>NO ACTION</deleteRule>
</Relation>