<?xml version = '1.0' encoding = 'UTF-8'?>
<Relation class="oracle.dbtools.crest.model.design.logical.Relation" name="TIENE_ORIGEN" directorySegmentName="seg_0" id="21B8100E-E410-6C4F-0EFE-1E1C40CE828C">
<createdBy>felix</createdBy>
<createdTime>2025-09-08 14:58:23 UTC</createdTime>
<ownerDesignName>MER_MinTrabajo_SistemaPostulaciones</ownerDesignName>
<engineerTo>
<item key="E89CB065-A639-A787-63E2-8985328B8EFC" value="true"/>
</engineerTo>
<sourcePk>0F808DDC-B058-C602-AF71-ADD472FFB75C</sourcePk>
<identifying>false</identifying>
<optionalSource>true</optionalSource>
<optionalTarget>false</optionalTarget>
<sourceCardinality>1</sourceCardinality>
<sourceEntity>A574CF1E-D4C5-F413-9330-FF94A2DFAAE3</sourceEntity>
<targetCardinalityString>*</targetCardinalityString>
<targetEntity>157D6810-59CE-CD6B-6E09-8F699376C9C8</targetEntity>
<transferable>true</transferable>
<deleteRule>NO ACTION</deleteRule>
</Relation>