<?xml version = '1.0' encoding = 'UTF-8'?>
<Relation class="oracle.dbtools.crest.model.design.logical.Relation" name="POSEE" directorySegmentName="seg_0" id="381E487D-0671-21C9-6107-174DE155F4C6">
<createdBy>felix</createdBy>
<createdTime>2025-09-08 15:22:07 UTC</createdTime>
<ownerDesignName>MER_MinTrabajo_SistemaPostulaciones</ownerDesignName>
<engineerTo>
<item key="E89CB065-A639-A787-63E2-8985328B8EFC" value="true"/>
</engineerTo>
<sourcePk>D77D6C36-75BB-EF19-5018-21FA9CCB7D0B</sourcePk>
<identifying>true</identifying>
<optionalSource>true</optionalSource>
<optionalTarget>false</optionalTarget>
<sourceCardinality>1</sourceCardinality>
<sourceEntity>157D6810-59CE-CD6B-6E09-8F699376C9C8</sourceEntity>
<targetCardinalityString>*</targetCardinalityString>
<targetEntity>83C260E3-70A1-42CE-C63A-A2549E09A096</targetEntity>
<transferable>true</transferable>
<deleteRule>NO ACTION</deleteRule>
</Relation>