<?xml version = '1.0' encoding = 'UTF-8'?>
<Relation class="oracle.dbtools.crest.model.design.logical.Relation" name="HABLADO_POR" directorySegmentName="seg_0" id="7E701C0A-FF32-1F85-ACD6-9E03E4421852">
<createdBy>felix</createdBy>
<createdTime>2025-09-08 15:25:45 UTC</createdTime>
<ownerDesignName>MER_MinTrabajo_SistemaPostulaciones</ownerDesignName>
<engineerTo>
<item key="E89CB065-A639-A787-63E2-8985328B8EFC" value="true"/>
</engineerTo>
<sourcePk>F8C2A9E8-1AF5-A3D1-CD04-5E3813564C80</sourcePk>
<identifying>true</identifying>
<optionalSource>true</optionalSource>
<optionalTarget>false</optionalTarget>
<sourceCardinality>1</sourceCardinality>
<sourceEntity>0A34FCE4-A558-DD02-9254-9E5193E9DF8C</sourceEntity>
<targetCardinalityString>*</targetCardinalityString>
<targetEntity>D95CD85F-B20F-C3FA-D851-89C6E244E245</targetEntity>
<transferable>true</transferable>
<deleteRule>NO ACTION</deleteRule>
</Relation>