<?xml version = '1.0' encoding = 'UTF-8'?>
<Relation class="oracle.dbtools.crest.model.design.logical.Relation" name="REALIZA" directorySegmentName="seg_0" id="82597E72-C505-9C21-2FF6-508475C3C233">
<createdBy>felix</createdBy>
<createdTime>2025-09-08 16:42:14 UTC</createdTime>
<ownerDesignName>MER_MinTrabajo_SistemaPostulaciones</ownerDesignName>
<engineerTo>
<item key="E89CB065-A639-A787-63E2-8985328B8EFC" value="true"/>
</engineerTo>
<sourcePk>D77D6C36-75BB-EF19-5018-21FA9CCB7D0B</sourcePk>
<identifying>false</identifying>
<optionalSource>true</optionalSource>
<optionalTarget>false</optionalTarget>
<sourceCardinality>1</sourceCardinality>
<sourceEntity>157D6810-59CE-CD6B-6E09-8F699376C9C8</sourceEntity>
<targetCardinalityString>*</targetCardinalityString>
<targetEntity>56DE5090-9C25-C9A0-8568-68FAB8B0530E</targetEntity>
<transferable>true</transferable>
<deleteRule>NO ACTION</deleteRule>
</Relation>