<?xml version = '1.0' encoding = 'UTF-8'?>
<Relation class="oracle.dbtools.crest.model.design.logical.Relation" name="HABLA" directorySegmentName="seg_0" id="C06B29BC-2427-DF3A-D227-8E84BDF083A1">
<createdBy>felix</createdBy>
<createdTime>2025-09-08 15:24:58 UTC</createdTime>
<ownerDesignName>MER_MinTrabajo_SistemaPostulaciones</ownerDesignName>
<engineerTo>
<item key="E89CB065-A639-A787-63E2-8985328B8EFC" value="true"/>
</engineerTo>
<sourcePk>D77D6C36-75BB-EF19-5018-21FA9CCB7D0B</sourcePk>
<identifying>true</identifying>
<optionalSource>true</optionalSource>
<optionalTarget>false</optionalTarget>
<sourceCardinality>1</sourceCardinality>
<sourceEntity>157D6810-59CE-CD6B-6E09-8F699376C9C8</sourceEntity>
<targetCardinalityString>*</targetCardinalityString>
<targetEntity>D95CD85F-B20F-C3FA-D851-89C6E244E245</targetEntity>
<transferable>true</transferable>
<deleteRule>NO ACTION</deleteRule>
</Relation>