<?xml version = '1.0' encoding = 'UTF-8'?>
<Relation class="oracle.dbtools.crest.model.design.logical.Relation" name="UBICADA_EN_CIUDAD" directorySegmentName="seg_0" id="C8E0B9DE-1334-9E25-874A-CBB83D7879E1">
<createdBy>felix</createdBy>
<createdTime>2025-09-08 15:01:39 UTC</createdTime>
<ownerDesignName>MER_MinTrabajo_SistemaPostulaciones</ownerDesignName>
<engineerTo>
<item key="E89CB065-A639-A787-63E2-8985328B8EFC" value="true"/>
</engineerTo>
<sourcePk>6950DD3D-70E7-340C-FFA4-30021C9F3587</sourcePk>
<identifying>false</identifying>
<optionalSource>true</optionalSource>
<optionalTarget>false</optionalTarget>
<sourceCardinality>1</sourceCardinality>
<sourceEntity>E25FB7FC-E1E7-A22C-FDC4-0CEF469FDCB5</sourceEntity>
<targetCardinalityString>*</targetCardinalityString>
<targetEntity>B267AF72-10A2-740F-454A-FF9E1CBA2815</targetEntity>
<transferable>true</transferable>
<deleteRule>NO ACTION</deleteRule>
</Relation>