<?xml version = '1.0' encoding = 'UTF-8'?>
<Relation class="oracle.dbtools.crest.model.design.logical.Relation" name="TIENE" directorySegmentName="seg_0" id="C940E40F-8B2C-2334-32BA-4A1C52729FBF">
<createdBy>felix</createdBy>
<createdTime>2025-09-08 15:23:19 UTC</createdTime>
<ownerDesignName>MER_MinTrabajo_SistemaPostulaciones</ownerDesignName>
<engineerTo>
<item key="E89CB065-A639-A787-63E2-8985328B8EFC" value="true"/>
</engineerTo>
<sourcePk>D77D6C36-75BB-EF19-5018-21FA9CCB7D0B</sourcePk>
<identifying>true</identifying>
<optionalSource>true</optionalSource>
<optionalTarget>false</optionalTarget>
<sourceCardinality>1</sourceCardinality>
<sourceEntity>157D6810-59CE-CD6B-6E09-8F699376C9C8</sourceEntity>
<targetCardinalityString>1</targetCardinalityString>
<targetEntity>B45A1B1A-ADFD-26D6-10F1-2FC8D1A4658A</targetEntity>
<transferable>true</transferable>
<deleteRule>NO ACTION</deleteRule>
</Relation>