<?xml version = '1.0' encoding = 'UTF-8'?>
<Relation class="oracle.dbtools.crest.model.design.logical.Relation" name="CONTIENE" directorySegmentName="seg_0" id="CFE90370-1C4E-F0B8-7CA0-60F2A0D16A8C">
<createdBy>felix</createdBy>
<createdTime>2025-09-08 14:59:32 UTC</createdTime>
<ownerDesignName>MER_MinTrabajo_SistemaPostulaciones</ownerDesignName>
<engineerTo>
<item key="E89CB065-A639-A787-63E2-8985328B8EFC" value="true"/>
</engineerTo>
<sourcePk>0F808DDC-B058-C602-AF71-ADD472FFB75C</sourcePk>
<identifying>false</identifying>
<optionalSource>true</optionalSource>
<optionalTarget>false</optionalTarget>
<sourceCardinality>1</sourceCardinality>
<sourceEntity>A574CF1E-D4C5-F413-9330-FF94A2DFAAE3</sourceEntity>
<targetCardinalityString>*</targetCardinalityString>
<targetEntity>E25FB7FC-E1E7-A22C-FDC4-0CEF469FDCB5</targetEntity>
<transferable>true</transferable>
<deleteRule>NO ACTION</deleteRule>
</Relation>