<?xml version = '1.0' encoding = 'UTF-8'?>
<Relation class="oracle.dbtools.crest.model.design.logical.Relation" name="RECIBE" directorySegmentName="seg_0" id="F9ABADD6-9D97-9514-295B-CA455EA32E18">
<createdBy>felix</createdBy>
<createdTime>2025-09-08 16:42:37 UTC</createdTime>
<ownerDesignName>MER_MinTrabajo_SistemaPostulaciones</ownerDesignName>
<engineerTo>
<item key="E89CB065-A639-A787-63E2-8985328B8EFC" value="true"/>
</engineerTo>
<sourcePk>FF4E7299-E8EE-DF43-9347-84CD07863947</sourcePk>
<identifying>false</identifying>
<optionalSource>true</optionalSource>
<optionalTarget>false</optionalTarget>
<sourceCardinality>1</sourceCardinality>
<sourceEntity>B267AF72-10A2-740F-454A-FF9E1CBA2815</sourceEntity>
<targetCardinalityString>*</targetCardinalityString>
<targetEntity>56DE5090-9C25-C9A0-8568-68FAB8B0530E</targetEntity>
<transferable>true</transferable>
<deleteRule>NO ACTION</deleteRule>
</Relation>