<?xml version = '1.0' encoding = 'UTF-8'?>
<Relation class="oracle.dbtools.crest.model.design.logical.Relation" name="ASIGNADA_A" directorySegmentName="seg_0" id="FAF102AD-C8F5-4E3F-8317-D91B9107F396">
<createdBy>felix</createdBy>
<createdTime>2025-09-08 15:22:42 UTC</createdTime>
<ownerDesignName>MER_MinTrabajo_SistemaPostulaciones</ownerDesignName>
<engineerTo>
<item key="E89CB065-A639-A787-63E2-8985328B8EFC" value="true"/>
</engineerTo>
<sourcePk>C42F3DA7-6DD0-E0C2-2FB4-B1BAF80E3545</sourcePk>
<identifying>true</identifying>
<optionalSource>true</optionalSource>
<optionalTarget>false</optionalTarget>
<sourceCardinality>1</sourceCardinality>
<sourceEntity>6B48ECB7-9260-0A78-12D1-C78F670BEFD2</sourceEntity>
<targetCardinalityString>*</targetCardinalityString>
<targetEntity>83C260E3-70A1-42CE-C63A-A2549E09A096</targetEntity>
<transferable>true</transferable>
<deleteRule>NO ACTION</deleteRule>
</Relation>