<?xml version = '1.0' encoding = 'UTF-8'?>
<relationalModel class="oracle.dbtools.crest.model.design.relational.RelationalDesign" name="Relational_1" id="57FDED45-A60B-71DA-884A-FD341AB5F823" mainViewID="1F0B7159-7BEF-B16D-844A-29532C5A818A">
<createdBy>felix</createdBy>
<createdTime>2025-08-18 06:51:50 UTC</createdTime>
<ownerDesignName>BT&amp;Airways</ownerDesignName>
<shouldBeOpen>false</shouldBeOpen>
<selectedRDBMSSite>32076570-2523-435C-2E92-BF29817DFF70</selectedRDBMSSite>
</relationalModel>