<?xml version = '1.0' encoding = 'UTF-8'?>
<Relation class="oracle.dbtools.crest.model.design.logical.Relation" name="PERTENECE_Av1" directorySegmentName="seg_0" id="010DB45D-8147-4595-0FED-A97A41EFACC9">
<createdBy>felix</createdBy>
<createdTime>2025-09-16 01:42:41 UTC</createdTime>
<ownerDesignName>MER_Gestión_Médica_Laboratorio</ownerDesignName>
<engineerTo>
<item key="A81F3144-AFF9-F54B-5382-78811DA52A37" value="true"/>
</engineerTo>
<sourcePk>0AB0A34E-9E5A-75D1-5855-148EAFBA6840</sourcePk>
<identifying>false</identifying>
<nameOnSource>pertenece_a</nameOnSource>
<nameOnTarget>tiene</nameOnTarget>
<optionalSource>true</optionalSource>
<optionalTarget>false</optionalTarget>
<sourceCardinality>1</sourceCardinality>
<sourceEntity>3EF4389A-A07A-8C6A-43E3-81BC4FF395FB</sourceEntity>
<targetCardinalityString>*</targetCardinalityString>
<targetEntity>88491DC8-83F0-2537-3F5A-8FB538EC51E1</targetEntity>
<transferable>true</transferable>
<deleteRule>NO ACTION</deleteRule>
</Relation>