<?xml version = '1.0' encoding = 'UTF-8'?>
<Relation class="oracle.dbtools.crest.model.design.logical.Relation" name="ATENCION_PERTENECE_A_ESPECIALIDAD" directorySegmentName="seg_0" id="14835A0D-8398-F0D3-4940-C1D2FB99E4B9">
<createdBy>felix</createdBy>
<createdTime>2025-09-15 22:35:48 UTC</createdTime>
<ownerDesignName>MER_Gestión_Médica_Laboratorio</ownerDesignName>
<engineerTo>
<item key="A81F3144-AFF9-F54B-5382-78811DA52A37" value="true"/>
</engineerTo>
<sourcePk>880A5951-8051-E8D9-7A2E-D2C3A36C8CA6</sourcePk>
<identifying>false</identifying>
<nameOnSource>agrupa</nameOnSource>
<nameOnTarget>pertenece_a</nameOnTarget>
<optionalSource>true</optionalSource>
<optionalTarget>false</optionalTarget>
<sourceCardinality>1</sourceCardinality>
<sourceEntity>88C9C64C-E154-BADF-EB17-79188886128B</sourceEntity>
<targetCardinalityString>*</targetCardinalityString>
<targetEntity>EF7216EC-BDED-C94F-50F3-3627E3E9276A</targetEntity>
<transferable>true</transferable>
<deleteRule>NO ACTION</deleteRule>
</Relation>