<?xml version = '1.0' encoding = 'UTF-8'?>
<Relation class="oracle.dbtools.crest.model.design.logical.Relation" name="SUPERVISA" directorySegmentName="seg_0" id="6CC31D99-E582-6F47-9E35-29751FC3771F">
<createdBy>felix</createdBy>
<createdTime>2025-09-16 01:34:07 UTC</createdTime>
<ownerDesignName>MER_Gestión_Médica_Laboratorio</ownerDesignName>
<engineerTo>
<item key="A81F3144-AFF9-F54B-5382-78811DA52A37" value="true"/>
</engineerTo>
<targetPk>20478FD3-221F-0F68-EA10-951B7A57CF98</targetPk>
<identifying>false</identifying>
<nameOnSource>supervisa</nameOnSource>
<nameOnTarget>es_supervisado_por</nameOnTarget>
<optionalSource>true</optionalSource>
<optionalTarget>false</optionalTarget>
<sourceCardinality>1</sourceCardinality>
<sourceEntity>C941073B-61A9-85B2-E258-C888B3D100A7</sourceEntity>
<targetCardinalityString>*</targetCardinalityString>
<targetEntity>C941073B-61A9-85B2-E258-C888B3D100A7</targetEntity>
<transferable>true</transferable>
<deleteRule>NO ACTION</deleteRule>
</Relation>