<?xml version = '1.0' encoding = 'UTF-8'?>
<Relation class="oracle.dbtools.crest.model.design.logical.Relation" name="REGISTRA_PAGO" directorySegmentName="seg_0" id="79361BC1-6EC3-99A0-45A4-028F53878A2E">
<createdBy>felix</createdBy>
<createdTime>2025-09-15 22:36:41 UTC</createdTime>
<ownerDesignName>MER_Gestión_Médica_Laboratorio</ownerDesignName>
<engineerTo>
<item key="A81F3144-AFF9-F54B-5382-78811DA52A37" value="true"/>
</engineerTo>
<sourcePk>6915D8AF-7D37-2B08-1FEB-7F5C5356A46A</sourcePk>
<identifying>false</identifying>
<nameOnSource>tiene_pago</nameOnSource>
<nameOnTarget>registra_pago_de</nameOnTarget>
<optionalSource>true</optionalSource>
<optionalTarget>false</optionalTarget>
<sourceCardinality>1</sourceCardinality>
<sourceEntity>EF7216EC-BDED-C94F-50F3-3627E3E9276A</sourceEntity>
<targetCardinalityString>1</targetCardinalityString>
<targetEntity>6918BC44-52C4-88EB-D20A-D8C9F607AD27</targetEntity>
<transferable>true</transferable>
<deleteRule>NO ACTION</deleteRule>
</Relation>