<?xml version = '1.0' encoding = 'UTF-8'?>
<Relation class="oracle.dbtools.crest.model.design.logical.Relation" name="SOLICITADA_POR" directorySegmentName="seg_0" id="7C8F4F37-D6CB-C679-FF5A-0E55E4565004">
<createdBy>felix</createdBy>
<createdTime>2025-09-16 01:42:11 UTC</createdTime>
<ownerDesignName>MER_Gestión_Médica_Laboratorio</ownerDesignName>
<engineerTo>
<item key="A81F3144-AFF9-F54B-5382-78811DA52A37" value="true"/>
</engineerTo>
<sourcePk>20478FD3-221F-0F68-EA10-951B7A57CF98</sourcePk>
<identifying>false</identifying>
<nameOnSource>solicita</nameOnSource>
<nameOnTarget>es_solicitada_por</nameOnTarget>
<optionalSource>true</optionalSource>
<optionalTarget>false</optionalTarget>
<sourceCardinality>1</sourceCardinality>
<sourceEntity>C941073B-61A9-85B2-E258-C888B3D100A7</sourceEntity>
<targetCardinalityString>*</targetCardinalityString>
<targetEntity>3EF4389A-A07A-8C6A-43E3-81BC4FF395FB</targetEntity>
<transferable>true</transferable>
<deleteRule>NO ACTION</deleteRule>
</Relation>