<?xml version = '1.0' encoding = 'UTF-8'?>
<Relation class="oracle.dbtools.crest.model.design.logical.Relation" name="TRABAJA_EN" directorySegmentName="seg_0" id="7DFCA760-06BA-3368-7CCB-3CF4ED9BFE79">
<createdBy>felix</createdBy>
<createdTime>2025-09-16 01:23:27 UTC</createdTime>
<ownerDesignName>MER_Gestión_Médica_Laboratorio</ownerDesignName>
<engineerTo>
<item key="A81F3144-AFF9-F54B-5382-78811DA52A37" value="true"/>
</engineerTo>
<sourcePk>E42A8019-7F49-DFC6-B686-895FCED63753</sourcePk>
<identifying>false</identifying>
<nameOnSource>tiene</nameOnSource>
<nameOnTarget>trabaja en</nameOnTarget>
<optionalSource>true</optionalSource>
<optionalTarget>false</optionalTarget>
<sourceCardinality>1</sourceCardinality>
<sourceEntity>D0DAAEB4-2527-9216-C32F-A0A86F25AFA5</sourceEntity>
<targetCardinalityString>*</targetCardinalityString>
<targetEntity>C941073B-61A9-85B2-E258-C888B3D100A7</targetEntity>
<transferable>true</transferable>
<deleteRule>NO ACTION</deleteRule>
</Relation>