<?xml version = '1.0' encoding = 'UTF-8'?>
<Relation class="oracle.dbtools.crest.model.design.logical.Relation" name="ESTA_AFILIADO_A" directorySegmentName="seg_0" id="8D6B236B-3D29-27D3-D34A-13394035E035">
<createdBy>felix</createdBy>
<createdTime>2025-09-16 01:31:47 UTC</createdTime>
<ownerDesignName>MER_Gestión_Médica_Laboratorio</ownerDesignName>
<engineerTo>
<item key="A81F3144-AFF9-F54B-5382-78811DA52A37" value="true"/>
</engineerTo>
<targetPk>B77A708A-A2DA-E984-C277-26A5AA8E0627</targetPk>
<identifying>false</identifying>
<nameOnSource>está_afiliado_a</nameOnSource>
<nameOnTarget>tiene</nameOnTarget>
<optionalSource>true</optionalSource>
<optionalTarget>false</optionalTarget>
<sourceCardinality>*</sourceCardinality>
<sourceEntity>88491DC8-83F0-2537-3F5A-8FB538EC51E1</sourceEntity>
<targetCardinalityString>1</targetCardinalityString>
<targetEntity>4396151B-C67D-93DB-A33B-8219DF3256D3</targetEntity>
<transferable>true</transferable>
<deleteRule>NO ACTION</deleteRule>
</Relation>