<?xml version = '1.0' encoding = 'UTF-8'?>
<Relation class="oracle.dbtools.crest.model.design.logical.Relation" name="REALIZA" directorySegmentName="seg_0" id="98045A3F-9A8C-9AF3-AF9F-10B9DBFC49D3">
<createdBy>felix</createdBy>
<createdTime>2025-09-16 01:41:14 UTC</createdTime>
<ownerDesignName>MER_Gestión_Médica_Laboratorio</ownerDesignName>
<engineerTo>
<item key="A81F3144-AFF9-F54B-5382-78811DA52A37" value="true"/>
</engineerTo>
<sourcePk>20478FD3-221F-0F68-EA10-951B7A57CF98</sourcePk>
<identifying>false</identifying>
<nameOnSource>realiza</nameOnSource>
<nameOnTarget>es_realizada_por</nameOnTarget>
<optionalSource>true</optionalSource>
<optionalTarget>false</optionalTarget>
<sourceCardinality>1</sourceCardinality>
<sourceEntity>C941073B-61A9-85B2-E258-C888B3D100A7</sourceEntity>
<targetCardinalityString>*</targetCardinalityString>
<targetEntity>EF7216EC-BDED-C94F-50F3-3627E3E9276A</targetEntity>
<transferable>true</transferable>
<deleteRule>NO ACTION</deleteRule>
</Relation>