<?xml version = '1.0' encoding = 'UTF-8'?>
<Relation class="oracle.dbtools.crest.model.design.logical.Relation" name="Relation_22" directorySegmentName="seg_0" id="9991B157-B9E4-1FF2-9899-D51008072FA8">
<createdBy>felix</createdBy>
<createdTime>2025-09-16 01:13:58 UTC</createdTime>
<ownerDesignName>MER_Gestión_Médica_Laboratorio</ownerDesignName>
<engineerTo>
<item key="A81F3144-AFF9-F54B-5382-78811DA52A37" value="true"/>
</engineerTo>
<sourcePk>0CB121F2-953C-062E-30F2-634E8E3565BD</sourcePk>
<identifying>false</identifying>
<nameOnSource>tiene</nameOnSource>
<nameOnTarget>reside_en</nameOnTarget>
<optionalSource>true</optionalSource>
<optionalTarget>false</optionalTarget>
<sourceCardinality>1</sourceCardinality>
<sourceEntity>CC0AA8F9-F04F-8818-21BB-799F7A8D3EFB</sourceEntity>
<targetCardinalityString>*</targetCardinalityString>
<targetEntity>88491DC8-83F0-2537-3F5A-8FB538EC51E1</targetEntity>
<transferable>true</transferable>
<deleteRule>NO ACTION</deleteRule>
</Relation>