<?xml version = '1.0' encoding = 'UTF-8'?>
<Relation class="oracle.dbtools.crest.model.design.logical.Relation" name="DEVUELVE_RESULTADO" directorySegmentName="seg_0" id="A35E818D-39EC-CCAF-6636-ECA3AD79B62C">
<createdBy>felix</createdBy>
<createdTime>2025-09-16 00:02:42 UTC</createdTime>
<ownerDesignName>MER_Gestión_Médica_Laboratorio</ownerDesignName>
<engineerTo>
<item key="A81F3144-AFF9-F54B-5382-78811DA52A37" value="true"/>
</engineerTo>
<sourcePk>0AB0A34E-9E5A-75D1-5855-148EAFBA6840</sourcePk>
<identifying>false</identifying>
<nameOnSource>produce</nameOnSource>
<nameOnTarget>es_resultado_de</nameOnTarget>
<optionalSource>true</optionalSource>
<optionalTarget>false</optionalTarget>
<sourceCardinality>1</sourceCardinality>
<sourceEntity>3EF4389A-A07A-8C6A-43E3-81BC4FF395FB</sourceEntity>
<targetCardinalityString>*</targetCardinalityString>
<targetEntity>A2ABE07D-52B5-CA0F-6CCA-0BDB5F91EB57</targetEntity>
<transferable>true</transferable>
<deleteRule>NO ACTION</deleteRule>
</Relation>