<?xml version = '1.0' encoding = 'UTF-8'?>
<Relation class="oracle.dbtools.crest.model.design.logical.Relation" name="SOLICITA_EXAMEN" directorySegmentName="seg_0" id="D1CF9167-8847-3888-7BA7-BD53F084DDD0">
<createdBy>felix</createdBy>
<createdTime>2025-09-15 22:43:08 UTC</createdTime>
<ownerDesignName>MER_Gestión_Médica_Laboratorio</ownerDesignName>
<engineerTo>
<item key="A81F3144-AFF9-F54B-5382-78811DA52A37" value="true"/>
</engineerTo>
<sourcePk>901FD129-DF97-88D4-A37E-9BDDB40AC5D7</sourcePk>
<identifying>false</identifying>
<nameOnSource>es_solicitado_en</nameOnSource>
<nameOnTarget>solicita</nameOnTarget>
<optionalSource>true</optionalSource>
<optionalTarget>false</optionalTarget>
<sourceCardinality>1</sourceCardinality>
<sourceEntity>4BFFE5AB-3B64-4002-8853-5EF1D92AE6B2</sourceEntity>
<targetCardinalityString>*</targetCardinalityString>
<targetEntity>3EF4389A-A07A-8C6A-43E3-81BC4FF395FB</targetEntity>
<transferable>true</transferable>
<deleteRule>NO ACTION</deleteRule>
</Relation>