<?xml version = '1.0' encoding = 'UTF-8'?>
<Relation class="oracle.dbtools.crest.model.design.logical.Relation" name="RECIBE" directorySegmentName="seg_0" id="DD6F3685-9B80-1C9D-2E67-C9ED4B81B782">
<createdBy>felix</createdBy>
<createdTime>2025-09-16 01:40:38 UTC</createdTime>
<ownerDesignName>MER_Gestión_Médica_Laboratorio</ownerDesignName>
<engineerTo>
<item key="A81F3144-AFF9-F54B-5382-78811DA52A37" value="true"/>
</engineerTo>
<sourcePk>20478FD3-221F-0F68-EA10-951B7A57CF98</sourcePk>
<identifying>false</identifying>
<nameOnSource>recibe</nameOnSource>
<nameOnTarget>es_recibida_por</nameOnTarget>
<optionalSource>true</optionalSource>
<optionalTarget>false</optionalTarget>
<sourceCardinality>1</sourceCardinality>
<sourceEntity>88491DC8-83F0-2537-3F5A-8FB538EC51E1</sourceEntity>
<targetCardinalityString>*</targetCardinalityString>
<targetEntity>EF7216EC-BDED-C94F-50F3-3627E3E9276A</targetEntity>
<transferable>true</transferable>
<deleteRule>NO ACTION</deleteRule>
</Relation>