<?xml version = '1.0' encoding = 'UTF-8'?>
<Relation class="oracle.dbtools.crest.model.design.logical.Relation" name="PERTENECE_A" directorySegmentName="seg_0" id="E586D7E3-316A-49DB-6A3A-B39A4B10DB68">
<createdBy>felix</createdBy>
<createdTime>2025-09-16 00:38:28 UTC</createdTime>
<ownerDesignName>MER_Gestión_Médica_Laboratorio</ownerDesignName>
<engineerTo>
<item key="A81F3144-AFF9-F54B-5382-78811DA52A37" value="true"/>
</engineerTo>
<sourcePk>97045707-307C-E02E-E824-9E47AB9D7728</sourcePk>
<identifying>false</identifying>
<nameOnSource>contiene</nameOnSource>
<nameOnTarget>pertenece_a</nameOnTarget>
<optionalSource>true</optionalSource>
<optionalTarget>false</optionalTarget>
<sourceCardinality>1</sourceCardinality>
<sourceEntity>05AB9000-C3B0-BE97-73FA-7A1183E59A44</sourceEntity>
<targetCardinalityString>*</targetCardinalityString>
<targetEntity>CC0AA8F9-F04F-8818-21BB-799F7A8D3EFB</targetEntity>
<transferable>true</transferable>
<deleteRule>NO ACTION</deleteRule>
</Relation>