<?xml version = '1.0' encoding = 'UTF-8'?>
<Relation class="oracle.dbtools.crest.model.design.logical.Relation" name="GENERA_SOLICITUD" directorySegmentName="seg_0" id="E6967AC4-E2D1-AC65-56ED-699E91890F97">
<createdBy>felix</createdBy>
<createdTime>2025-09-15 22:37:46 UTC</createdTime>
<ownerDesignName>MER_Gestión_Médica_Laboratorio</ownerDesignName>
<engineerTo>
<item key="A81F3144-AFF9-F54B-5382-78811DA52A37" value="true"/>
</engineerTo>
<sourcePk>6915D8AF-7D37-2B08-1FEB-7F5C5356A46A</sourcePk>
<identifying>false</identifying>
<nameOnSource>genera/solicita</nameOnSource>
<nameOnTarget>es_generada_por</nameOnTarget>
<optionalSource>true</optionalSource>
<optionalTarget>false</optionalTarget>
<sourceCardinality>1</sourceCardinality>
<sourceEntity>EF7216EC-BDED-C94F-50F3-3627E3E9276A</sourceEntity>
<targetCardinalityString>*</targetCardinalityString>
<targetEntity>3EF4389A-A07A-8C6A-43E3-81BC4FF395FB</targetEntity>
<transferable>true</transferable>
<deleteRule>NO ACTION</deleteRule>
</Relation>