<?xml version = '1.0' encoding = 'UTF-8'?>
<Relation class="oracle.dbtools.crest.model.design.logical.Relation" name="ESTA_AFILIADO_Av1" directorySegmentName="seg_0" id="EDA865AB-18D1-1374-BB08-F33A83FF60B0">
<createdBy>felix</createdBy>
<createdTime>2025-09-16 01:33:15 UTC</createdTime>
<ownerDesignName>MER_Gestión_Médica_Laboratorio</ownerDesignName>
<engineerTo>
<item key="A81F3144-AFF9-F54B-5382-78811DA52A37" value="true"/>
</engineerTo>
<sourcePk>20478FD3-221F-0F68-EA10-951B7A57CF98</sourcePk>
<identifying>false</identifying>
<nameOnSource>está afiliado a</nameOnSource>
<nameOnTarget>tiene</nameOnTarget>
<optionalSource>true</optionalSource>
<optionalTarget>false</optionalTarget>
<sourceCardinality>1</sourceCardinality>
<sourceEntity>C941073B-61A9-85B2-E258-C888B3D100A7</sourceEntity>
<targetCardinalityString>*</targetCardinalityString>
<targetEntity>29CBCAAE-D56A-E217-27AC-F793FC43E862</targetEntity>
<transferable>true</transferable>
<deleteRule>NO ACTION</deleteRule>
</Relation>