<?xml version = '1.0' encoding = 'UTF-8'?>
<Relation class="oracle.dbtools.crest.model.design.logical.Relation" name="TIENE_ESPECIALIDAD" directorySegmentName="seg_0" id="F9E90FC4-A737-8E6D-64F3-4F9E1A1E0D99">
<createdBy>felix</createdBy>
<createdTime>2025-09-16 01:22:40 UTC</createdTime>
<ownerDesignName>MER_Gestión_Médica_Laboratorio</ownerDesignName>
<engineerTo>
<item key="A81F3144-AFF9-F54B-5382-78811DA52A37" value="true"/>
</engineerTo>
<sourcePk>880A5951-8051-E8D9-7A2E-D2C3A36C8CA6</sourcePk>
<identifying>false</identifying>
<nameOnSource>agrupa</nameOnSource>
<nameOnTarget>tiene</nameOnTarget>
<optionalSource>true</optionalSource>
<optionalTarget>false</optionalTarget>
<sourceCardinality>1</sourceCardinality>
<sourceEntity>88C9C64C-E154-BADF-EB17-79188886128B</sourceEntity>
<targetCardinalityString>*</targetCardinalityString>
<targetEntity>C941073B-61A9-85B2-E258-C888B3D100A7</targetEntity>
<transferable>true</transferable>
<deleteRule>NO ACTION</deleteRule>
</Relation>