<?xml version = '1.0' encoding = 'UTF-8'?>
<Entity class="oracle.dbtools.crest.model.design.logical.Entity" directorySegmentName="seg_0" id="0209BD4F-A543-17C4-3611-9B20B0F4D945" name="PASAJERO">
<createdBy>felix</createdBy>
<createdTime>2025-08-18 06:54:51 UTC</createdTime>
<ownerDesignName>BT&amp;Airways</ownerDesignName>
<engineerTo>
<item key="57FDED45-A60B-71DA-884A-FD341AB5F823" value="true"/>
</engineerTo>
<adequatelyNormalized>NO</adequatelyNormalized>
<expectedVolumes>0</expectedVolumes>
<fwdEngineeringStrategyName>Single Table</fwdEngineeringStrategyName>
<growthPercent>0</growthPercent>
<growthType>Year</growthType>
<maxVolumes>9999999</maxVolumes>
<minVolumes>0</minVolumes>
<normalForm>Third</normalForm>
<attributes itemClass="oracle.dbtools.crest.model.design.logical.Attribute">
<Attribute name="num_documento" id="CF29E640-BDD3-0053-5376-225D85EFA722">
<createdBy>felix</createdBy>
<createdTime>2025-08-18 06:55:29 UTC</createdTime>
<ownerDesignName>BT&amp;Airways</ownerDesignName>
<engineerTo>
<item key="57FDED45-A60B-71DA-884A-FD341AB5F823" value="true"/>
</engineerTo>
<useDomainConstraints>false</useDomainConstraints>
<use>1</use>
<logicalDatatype>LOGDT024</logicalDatatype>
<dataTypeSize>20 CHAR</dataTypeSize>
<ownDataTypeParameters>20 CHAR,,</ownDataTypeParameters>
</Attribute>
<Attribute name="nombre_completo" id="35A3957B-A768-6EB7-73E8-3FE3D5E207D5">
<createdBy>felix</createdBy>
<createdTime>2025-08-18 07:04:45 UTC</createdTime>
<ownerDesignName>BT&amp;Airways</ownerDesignName>
<engineerTo>
<item key="57FDED45-A60B-71DA-884A-FD341AB5F823" value="true"/>
</engineerTo>
<useDomainConstraints>false</useDomainConstraints>
<use>1</use>
<logicalDatatype>LOGDT024</logicalDatatype>
<dataTypeSize>100 CHAR</dataTypeSize>
<ownDataTypeParameters>100 CHAR,,</ownDataTypeParameters>
</Attribute>
<Attribute name="fecha_nacimiento" id="A5E72505-1442-F8A9-9C13-9D667168D5DB">
<createdBy>felix</createdBy>
<createdTime>2025-08-18 07:05:50 UTC</createdTime>
<ownerDesignName>BT&amp;Airways</ownerDesignName>
<engineerTo>
<item key="57FDED45-A60B-71DA-884A-FD341AB5F823" value="true"/>
</engineerTo>
<useDomainConstraints>false</useDomainConstraints>
<use>1</use>
<logicalDatatype>LOGDT007</logicalDatatype>
<ownDataTypeParameters>,,</ownDataTypeParameters>
</Attribute>
<Attribute name="nacionalidad" id="A682B55F-8267-A7CC-99CA-BF5543709701">
<createdBy>felix</createdBy>
<createdTime>2025-08-18 07:06:23 UTC</createdTime>
<ownerDesignName>BT&amp;Airways</ownerDesignName>
<engineerTo>
<item key="57FDED45-A60B-71DA-884A-FD341AB5F823" value="true"/>
</engineerTo>
<nullsAllowed>true</nullsAllowed>
<useDomainConstraints>false</useDomainConstraints>
<use>1</use>
<logicalDatatype>LOGDT024</logicalDatatype>
<dataTypeSize>50 CHAR</dataTypeSize>
<ownDataTypeParameters>50 CHAR,,</ownDataTypeParameters>
</Attribute>
<Attribute name="telefono_contacto" id="0A26BB8B-8428-2BF2-1B9C-DB14899E0778">
<createdBy>felix</createdBy>
<createdTime>2025-08-18 07:06:45 UTC</createdTime>
<ownerDesignName>BT&amp;Airways</ownerDesignName>
<engineerTo>
<item key="57FDED45-A60B-71DA-884A-FD341AB5F823" value="true"/>
</engineerTo>
<nullsAllowed>true</nullsAllowed>
<useDomainConstraints>false</useDomainConstraints>
<use>1</use>
<logicalDatatype>LOGDT024</logicalDatatype>
<dataTypeSize>20 CHAR</dataTypeSize>
<ownDataTypeParameters>20 CHAR,,</ownDataTypeParameters>
</Attribute>
<Attribute name="correo_electronico" id="49E461E6-2E10-5ABB-36CB-97E9D44BB7DF">
<createdBy>felix</createdBy>
<createdTime>2025-08-18 07:07:20 UTC</createdTime>
<ownerDesignName>BT&amp;Airways</ownerDesignName>
<engineerTo>
<item key="57FDED45-A60B-71DA-884A-FD341AB5F823" value="true"/>
</engineerTo>
<nullsAllowed>true</nullsAllowed>
<useDomainConstraints>false</useDomainConstraints>
<use>1</use>
<logicalDatatype>LOGDT024</logicalDatatype>
<dataTypeSize>100 CHAR</dataTypeSize>
<ownDataTypeParameters>100 CHAR,,</ownDataTypeParameters>
</Attribute>
</attributes>
<identifiers itemClass="oracle.dbtools.crest.model.design.logical.CandidateKey">
<identifier id="2C609A34-BF5A-FAD4-858D-62231C5EDFE3" name="PASAJERO PK">
<createdBy>felix</createdBy>
<createdTime>2025-08-18 06:56:30 UTC</createdTime>
<ownerDesignName>BT&amp;Airways</ownerDesignName>
<engineerTo>
<item key="57FDED45-A60B-71DA-884A-FD341AB5F823" value="true"/>
</engineerTo>
<pk>true</pk>
<usedAttributes>
<attributeRef>CF29E640-BDD3-0053-5376-225D85EFA722</attributeRef>
</usedAttributes>
</identifier>
</identifiers>
</Entity>