<?xml version = '1.0' encoding = 'UTF-8'?>
<Entity class="oracle.dbtools.crest.model.design.logical.Entity" directorySegmentName="seg_0" id="23CA99D7-36E2-6E12-8EF7-9FC46D54E534" name="RESERVA">
<createdBy>felix</createdBy>
<createdTime>2025-08-18 17:24:36 UTC</createdTime>
<ownerDesignName>BT&amp;Airways</ownerDesignName>
<engineerTo>
<item key="57FDED45-A60B-71DA-884A-FD341AB5F823" value="true"/>
</engineerTo>
<adequatelyNormalized>NO</adequatelyNormalized>
<expectedVolumes>0</expectedVolumes>
<fwdEngineeringStrategyName>Single Table</fwdEngineeringStrategyName>
<growthPercent>0</growthPercent>
<growthType>Year</growthType>
<maxVolumes>9999999</maxVolumes>
<minVolumes>0</minVolumes>
<normalForm>Third</normalForm>
<attributes itemClass="oracle.dbtools.crest.model.design.logical.Attribute">
<Attribute name="num_reserva" id="20BACE14-F400-7C10-4548-63375B2A7285">
<createdBy>felix</createdBy>
<createdTime>2025-08-18 17:24:43 UTC</createdTime>
<ownerDesignName>BT&amp;Airways</ownerDesignName>
<engineerTo>
<item key="57FDED45-A60B-71DA-884A-FD341AB5F823" value="true"/>
</engineerTo>
<useDomainConstraints>false</useDomainConstraints>
<use>1</use>
<logicalDatatype>LOGDT024</logicalDatatype>
<dataTypeSize>20 CHAR</dataTypeSize>
<ownDataTypeParameters>20 CHAR,,</ownDataTypeParameters>
</Attribute>
<Attribute name="fecha_reserva" id="3ECCEC81-EF46-9F6E-1E87-9BE75E0EB55A">
<createdBy>felix</createdBy>
<createdTime>2025-08-18 17:25:03 UTC</createdTime>
<ownerDesignName>BT&amp;Airways</ownerDesignName>
<engineerTo>
<item key="57FDED45-A60B-71DA-884A-FD341AB5F823" value="true"/>
</engineerTo>
<useDomainConstraints>false</useDomainConstraints>
<use>1</use>
<logicalDatatype>LOGDT007</logicalDatatype>
<ownDataTypeParameters>,,</ownDataTypeParameters>
</Attribute>
<Attribute name="fecha_viaje" id="923D736A-77A5-5DBC-B19C-EC651CE9CB0E">
<createdBy>felix</createdBy>
<createdTime>2025-08-18 17:25:19 UTC</createdTime>
<ownerDesignName>BT&amp;Airways</ownerDesignName>
<engineerTo>
<item key="57FDED45-A60B-71DA-884A-FD341AB5F823" value="true"/>
</engineerTo>
<useDomainConstraints>false</useDomainConstraints>
<use>1</use>
<logicalDatatype>LOGDT007</logicalDatatype>
<ownDataTypeParameters>,,</ownDataTypeParameters>
</Attribute>
<Attribute name="estado" id="F736F8EB-C928-CD7E-6B8B-D9D94D61FD59">
<createdBy>felix</createdBy>
<createdTime>2025-08-18 17:25:37 UTC</createdTime>
<ownerDesignName>BT&amp;Airways</ownerDesignName>
<engineerTo>
<item key="57FDED45-A60B-71DA-884A-FD341AB5F823" value="true"/>
</engineerTo>
<useDomainConstraints>false</useDomainConstraints>
<use>1</use>
<logicalDatatype>LOGDT024</logicalDatatype>
<dataTypeSize>20 CHAR</dataTypeSize>
<ownDataTypeParameters>20 CHAR,,</ownDataTypeParameters>
</Attribute>
</attributes>
<identifiers itemClass="oracle.dbtools.crest.model.design.logical.CandidateKey">
<identifier id="FF5AD322-C4AC-86BC-6F9F-59DD6926B0B7" name="RESERVA PK">
<createdBy>felix</createdBy>
<createdTime>2025-08-18 17:24:59 UTC</createdTime>
<ownerDesignName>BT&amp;Airways</ownerDesignName>
<engineerTo>
<item key="57FDED45-A60B-71DA-884A-FD341AB5F823" value="true"/>
</engineerTo>
<pk>true</pk>
<usedAttributes>
<attributeRef>20BACE14-F400-7C10-4548-63375B2A7285</attributeRef>
</usedAttributes>
</identifier>
</identifiers>
</Entity>