<?xml version = '1.0' encoding = 'UTF-8'?>
<Entity class="oracle.dbtools.crest.model.design.logical.Entity" directorySegmentName="seg_0" id="44C2BBA8-5D47-BA79-A7E6-B8DFE1DF9045" name="EMPLEADO">
<createdBy>felix</createdBy>
<createdTime>2025-08-18 07:08:16 UTC</createdTime>
<ownerDesignName>BT&amp;Airways</ownerDesignName>
<engineerTo>
<item key="57FDED45-A60B-71DA-884A-FD341AB5F823" value="true"/>
</engineerTo>
<adequatelyNormalized>NO</adequatelyNormalized>
<expectedVolumes>0</expectedVolumes>
<fwdEngineeringStrategyName>Single Table</fwdEngineeringStrategyName>
<growthPercent>0</growthPercent>
<growthType>Year</growthType>
<maxVolumes>9999999</maxVolumes>
<minVolumes>0</minVolumes>
<normalForm>Third</normalForm>
<attributes itemClass="oracle.dbtools.crest.model.design.logical.Attribute">
<Attribute name="rut" id="C0C79300-BAD7-0B08-9ABD-2F38AA315DB4">
<createdBy>felix</createdBy>
<createdTime>2025-08-18 07:08:29 UTC</createdTime>
<ownerDesignName>BT&amp;Airways</ownerDesignName>
<engineerTo>
<item key="57FDED45-A60B-71DA-884A-FD341AB5F823" value="true"/>
</engineerTo>
<useDomainConstraints>false</useDomainConstraints>
<use>1</use>
<logicalDatatype>LOGDT024</logicalDatatype>
<dataTypeSize>12 CHAR</dataTypeSize>
<ownDataTypeParameters>12 CHAR,,</ownDataTypeParameters>
</Attribute>
<Attribute name="nombre_completo" id="E87F92AE-3703-6F62-0478-AD8213068A8F">
<createdBy>felix</createdBy>
<createdTime>2025-08-18 07:09:01 UTC</createdTime>
<ownerDesignName>BT&amp;Airways</ownerDesignName>
<engineerTo>
<item key="57FDED45-A60B-71DA-884A-FD341AB5F823" value="true"/>
</engineerTo>
<useDomainConstraints>false</useDomainConstraints>
<use>1</use>
<logicalDatatype>LOGDT024</logicalDatatype>
<dataTypeSize>100 CHAR</dataTypeSize>
<ownDataTypeParameters>100 CHAR,,</ownDataTypeParameters>
</Attribute>
<Attribute name="direccion" id="952CF674-5B61-7617-FD13-0A3466D7AC37">
<createdBy>felix</createdBy>
<createdTime>2025-08-18 07:09:30 UTC</createdTime>
<ownerDesignName>BT&amp;Airways</ownerDesignName>
<engineerTo>
<item key="57FDED45-A60B-71DA-884A-FD341AB5F823" value="true"/>
</engineerTo>
<useDomainConstraints>false</useDomainConstraints>
<use>1</use>
<logicalDatatype>LOGDT024</logicalDatatype>
<dataTypeSize>200 CHAR</dataTypeSize>
<ownDataTypeParameters>200 CHAR,,</ownDataTypeParameters>
</Attribute>
<Attribute name="sueldo_base" id="F6EFDCEE-CFA5-6333-CB16-4DDCEA0E1FA1">
<createdBy>felix</createdBy>
<createdTime>2025-08-18 07:09:56 UTC</createdTime>
<ownerDesignName>BT&amp;Airways</ownerDesignName>
<engineerTo>
<item key="57FDED45-A60B-71DA-884A-FD341AB5F823" value="true"/>
</engineerTo>
<useDomainConstraints>false</useDomainConstraints>
<use>1</use>
<logicalDatatype>LOGDT024</logicalDatatype>
<dataTypeSize>10.2 CHAR</dataTypeSize>
<ownDataTypeParameters>10.2 CHAR,,</ownDataTypeParameters>
</Attribute>
<Attribute name="fecha_ingreso" id="659F35DC-7BAC-86C0-4980-2711F14CA0AF">
<createdBy>felix</createdBy>
<createdTime>2025-08-18 07:10:23 UTC</createdTime>
<ownerDesignName>BT&amp;Airways</ownerDesignName>
<engineerTo>
<item key="57FDED45-A60B-71DA-884A-FD341AB5F823" value="true"/>
</engineerTo>
<useDomainConstraints>false</useDomainConstraints>
<use>1</use>
<logicalDatatype>LOGDT007</logicalDatatype>
<ownDataTypeParameters>,,</ownDataTypeParameters>
</Attribute>
<Attribute name="genero" id="35F15AE3-FCD6-1EFE-55A6-E0F15168566D">
<createdBy>felix</createdBy>
<createdTime>2025-08-18 07:10:41 UTC</createdTime>
<ownerDesignName>BT&amp;Airways</ownerDesignName>
<engineerTo>
<item key="57FDED45-A60B-71DA-884A-FD341AB5F823" value="true"/>
</engineerTo>
<useDomainConstraints>false</useDomainConstraints>
<use>1</use>
<logicalDatatype>LOGDT024</logicalDatatype>
<dataTypeSize>10</dataTypeSize>
<ownDataTypeParameters>10,,</ownDataTypeParameters>
</Attribute>
<Attribute name="telefono_movil" id="EECA598E-6503-D83D-09E3-25527D655835">
<createdBy>felix</createdBy>
<createdTime>2025-08-18 07:11:03 UTC</createdTime>
<ownerDesignName>BT&amp;Airways</ownerDesignName>
<engineerTo>
<item key="57FDED45-A60B-71DA-884A-FD341AB5F823" value="true"/>
</engineerTo>
<useDomainConstraints>false</useDomainConstraints>
<use>1</use>
<logicalDatatype>LOGDT024</logicalDatatype>
<dataTypeSize>20 CHAR</dataTypeSize>
<ownDataTypeParameters>20 CHAR,,</ownDataTypeParameters>
</Attribute>
<Attribute name="telefono_contacto" id="6E521C15-0E91-0E12-2B7B-B931DDF42807">
<createdBy>felix</createdBy>
<createdTime>2025-08-18 07:11:36 UTC</createdTime>
<ownerDesignName>BT&amp;Airways</ownerDesignName>
<engineerTo>
<item key="57FDED45-A60B-71DA-884A-FD341AB5F823" value="true"/>
</engineerTo>
<nullsAllowed>true</nullsAllowed>
<useDomainConstraints>false</useDomainConstraints>
<use>1</use>
<logicalDatatype>LOGDT024</logicalDatatype>
<dataTypeSize>20 CHAR</dataTypeSize>
<ownDataTypeParameters>20 CHAR,,</ownDataTypeParameters>
</Attribute>
</attributes>
<identifiers itemClass="oracle.dbtools.crest.model.design.logical.CandidateKey">
<identifier id="71EC129A-B2D7-F508-546D-F339DEA241F7" name="EMPLEADO PK">
<createdBy>felix</createdBy>
<createdTime>2025-08-18 07:08:54 UTC</createdTime>
<ownerDesignName>BT&amp;Airways</ownerDesignName>
<engineerTo>
<item key="57FDED45-A60B-71DA-884A-FD341AB5F823" value="true"/>
</engineerTo>
<pk>true</pk>
<usedAttributes>
<attributeRef>C0C79300-BAD7-0B08-9ABD-2F38AA315DB4</attributeRef>
</usedAttributes>
</identifier>
</identifiers>
</Entity>