<?xml version = '1.0' encoding = 'UTF-8'?>
<Entity class="oracle.dbtools.crest.model.design.logical.Entity" directorySegmentName="seg_0" id="B93B11EC-2ADB-B966-8560-202EBB1F48B2" name="VUELO">
<createdBy>felix</createdBy>
<createdTime>2025-08-18 17:22:50 UTC</createdTime>
<ownerDesignName>BT&amp;Airways</ownerDesignName>
<engineerTo>
<item key="57FDED45-A60B-71DA-884A-FD341AB5F823" value="true"/>
</engineerTo>
<adequatelyNormalized>NO</adequatelyNormalized>
<expectedVolumes>0</expectedVolumes>
<fwdEngineeringStrategyName>Single Table</fwdEngineeringStrategyName>
<growthPercent>0</growthPercent>
<growthType>Year</growthType>
<maxVolumes>9999999</maxVolumes>
<minVolumes>0</minVolumes>
<normalForm>Third</normalForm>
<attributes itemClass="oracle.dbtools.crest.model.design.logical.Attribute">
<Attribute name="num_vuelo" id="04D25482-606A-A0B8-E76D-65AA01CD94BD">
<createdBy>felix</createdBy>
<createdTime>2025-08-18 17:23:12 UTC</createdTime>
<ownerDesignName>BT&amp;Airways</ownerDesignName>
<engineerTo>
<item key="57FDED45-A60B-71DA-884A-FD341AB5F823" value="true"/>
</engineerTo>
<useDomainConstraints>false</useDomainConstraints>
<use>1</use>
<logicalDatatype>LOGDT024</logicalDatatype>
<dataTypeSize>10</dataTypeSize>
<ownDataTypeParameters>10,,</ownDataTypeParameters>
</Attribute>
<Attribute name="fecha_despega" id="70C1937C-22E0-BF49-B3BF-24C0E2357D90">
<createdBy>felix</createdBy>
<createdTime>2025-08-18 17:23:29 UTC</createdTime>
<ownerDesignName>BT&amp;Airways</ownerDesignName>
<engineerTo>
<item key="57FDED45-A60B-71DA-884A-FD341AB5F823" value="true"/>
</engineerTo>
<useDomainConstraints>false</useDomainConstraints>
<use>1</use>
<logicalDatatype>LOGDT007</logicalDatatype>
<ownDataTypeParameters>,,</ownDataTypeParameters>
</Attribute>
<Attribute name="fecha_llegada" id="0A59CE2B-CC72-EBCC-8A7A-53690EA5D4E9">
<createdBy>felix</createdBy>
<createdTime>2025-08-18 17:23:51 UTC</createdTime>
<ownerDesignName>BT&amp;Airways</ownerDesignName>
<engineerTo>
<item key="57FDED45-A60B-71DA-884A-FD341AB5F823" value="true"/>
</engineerTo>
<useDomainConstraints>false</useDomainConstraints>
<use>1</use>
<logicalDatatype>LOGDT007</logicalDatatype>
<ownDataTypeParameters>,,</ownDataTypeParameters>
</Attribute>
<Attribute name="hora_salida" id="194CCB57-9736-967C-4D94-7DC93C91EE57">
<createdBy>felix</createdBy>
<createdTime>2025-08-18 17:24:06 UTC</createdTime>
<ownerDesignName>BT&amp;Airways</ownerDesignName>
<engineerTo>
<item key="57FDED45-A60B-71DA-884A-FD341AB5F823" value="true"/>
</engineerTo>
<useDomainConstraints>false</useDomainConstraints>
<use>1</use>
<logicalDatatype>LOGDT024</logicalDatatype>
<dataTypeSize>5 CHAR</dataTypeSize>
<ownDataTypeParameters>5 CHAR,,</ownDataTypeParameters>
</Attribute>
</attributes>
<identifiers itemClass="oracle.dbtools.crest.model.design.logical.CandidateKey">
<identifier id="9BCBF7FD-5BF9-719A-DC35-F78D715F8981" name="VUELO PK">
<createdBy>felix</createdBy>
<createdTime>2025-08-18 17:23:27 UTC</createdTime>
<ownerDesignName>BT&amp;Airways</ownerDesignName>
<engineerTo>
<item key="57FDED45-A60B-71DA-884A-FD341AB5F823" value="true"/>
</engineerTo>
<pk>true</pk>
<usedAttributes>
<attributeRef>04D25482-606A-A0B8-E76D-65AA01CD94BD</attributeRef>
</usedAttributes>
</identifier>
</identifiers>
</Entity>