<?xml version = '1.0' encoding = 'UTF-8'?>
<Diagram class="oracle.dbtools.crest.swingui.logical.DPVLogical" name="Logical" id="58FF192D-C7D5-98FA-848E-36DDF1A0ECEC">
<createdBy>felix</createdBy>
<modifiedBy>felix</modifiedBy>
<createdTime>2025-08-27 16:10:54 UTC</createdTime>
<autoRoute>false</autoRoute>
<boxInbox>true</boxInbox>
<showLegend>false</showLegend>
<showLabels>false</showLabels>
<showRelAttributes>false</showRelAttributes>
<gridEnabled>false</gridEnabled>
<showGrid>false</showGrid>
<diagramColor>-1</diagramColor>
<display>false</display>
<notation>1</notation>
<showAllDetails>false</showAllDetails>
<showElements>true</showElements>
<objectViews>
<OView class="oracle.dbtools.crest.swingui.logical.TVEntity" oid="1120425D-C24F-C55B-CAA0-72E7C5409520" otype="Entity" vid="5A4160E7-03BF-0DF3-4529-07452B9EBAF5">
<hideElementsInCurrentOnly>false</hideElementsInCurrentOnly>
<bounds x="191" y="124" width="141" height="129"/>
</OView>
<OView class="oracle.dbtools.crest.swingui.logical.TVEntity" oid="11C0453F-E51D-02DC-05C1-D39D5CADD509" otype="Entity" vid="6B897733-321D-D778-E46E-BCB212CE29F3">
<hideElementsInCurrentOnly>false</hideElementsInCurrentOnly>
<bounds x="1107" y="315" width="170" height="132"/>
</OView>
<OView class="oracle.dbtools.crest.swingui.logical.TVEntity" oid="205CADB3-7D11-E19B-70EE-3B32DDFA5C7A" otype="Entity" vid="C019B227-9ADE-2007-5935-552866834F54">
<hideElementsInCurrentOnly>false</hideElementsInCurrentOnly>
<bounds x="104" y="440" width="164" height="76"/>
</OView>
<OView class="oracle.dbtools.crest.swingui.logical.TVEntity" oid="44A848BA-1222-9085-9D3D-51FDB2B23CFE" otype="Entity" vid="D0A0C37C-C803-D23A-E11D-DCD39AD6EEBC">
<hideElementsInCurrentOnly>false</hideElementsInCurrentOnly>
<bounds x="87" y="320" width="365" height="206"/>
</OView>
<OView class="oracle.dbtools.crest.swingui.logical.TVEntity" oid="4E3132CF-2CA9-21A3-97A3-774732742ABB" otype="Entity" vid="CD70BA2D-BCE1-D132-CB42-D7FC98D2CEBB">
<hideElementsInCurrentOnly>false</hideElementsInCurrentOnly>
<bounds x="448" y="130" width="147" height="91"/>
</OView>
<OView class="oracle.dbtools.crest.swingui.logical.TVEntity" oid="73886C39-6B14-D2C7-7007-E8AA2D99A6BE" otype="Entity" vid="B46BD446-A7AE-DC6B-89EF-95573CC6AE48">
<hideElementsInCurrentOnly>false</hideElementsInCurrentOnly>
<bounds x="1104" y="80" width="170" height="122"/>
</OView>
<OView class="oracle.dbtools.crest.swingui.logical.TVEntity" oid="8DADA66E-D3B5-366E-0054-912CD439872B" otype="Entity" vid="7D41122B-2A05-2DDA-8A80-7F10F65000E0">
<hideElementsInCurrentOnly>false</hideElementsInCurrentOnly>
<bounds x="583" y="290" width="441" height="273"/>
</OView>
<OView class="oracle.dbtools.crest.swingui.logical.TVEntity" oid="9F60BFC1-AB2C-907B-45CA-CA9F94A84D9D" otype="Entity" vid="FA7B45C3-6977-A5A7-2B34-6897C2C825E4">
<hideElementsInCurrentOnly>false</hideElementsInCurrentOnly>
<bounds x="802" y="75" width="170" height="106"/>
</OView>
<OView class="oracle.dbtools.crest.swingui.logical.TVEntity" oid="A9DF9180-EC10-935C-5366-843D9421E6DD" otype="Entity" vid="49274AFA-6DE1-23F2-4CC1-6CC72E92619D">
<hideElementsInCurrentOnly>false</hideElementsInCurrentOnly>
<bounds x="806" y="452" width="170" height="86"/>
</OView>
<OView class="oracle.dbtools.crest.swingui.logical.TVEntity" oid="DBA708D5-CB80-FFE3-5705-9D07C52E07F2" otype="Entity" vid="1D917AFC-58AE-FF41-E54F-5903559F6FB9">
<hideElementsInCurrentOnly>false</hideElementsInCurrentOnly>
<bounds x="608" y="449" width="172" height="99"/>
</OView>
<OView class="oracle.dbtools.crest.swingui.logical.TVEntity" oid="EF3C4D8E-C69C-7A2E-A253-EDBF8412F88E" otype="Entity" vid="227BD76F-E177-1936-BC2C-E5B74003C4CB">
<hideElementsInCurrentOnly>false</hideElementsInCurrentOnly>
<bounds x="289" y="441" width="151" height="75"/>
</OView>
</objectViews>
<connectors>
<Connector class="oracle.dbtools.crest.swingui.logical.TVInheritanceRelation" oid="182F0084-4D6D-BC2E-F0FF-688B6610FB02" otype="Hierarchy relation" vid_source="7D41122B-2A05-2DDA-8A80-7F10F65000E0" vid_target="49274AFA-6DE1-23F2-4CC1-6CC72E92619D">
<hideElementsInCurrentOnly>false</hideElementsInCurrentOnly>
<backgroundColor>-65536</backgroundColor>
<lineWidth>1</lineWidth>
</Connector>
<Connector class="oracle.dbtools.crest.swingui.logical.TVRelation" oid="19B14F8D-1A97-5E78-A6FF-4D13005BE9EE" otype="Relation" vid_source="5A4160E7-03BF-0DF3-4529-07452B9EBAF5" vid_target="D0A0C37C-C803-D23A-E11D-DCD39AD6EEBC">
<hideElementsInCurrentOnly>false</hideElementsInCurrentOnly>
<backgroundColor>-16777216</backgroundColor>
<lineWidth>1</lineWidth>
<points>
<point x="276" y="253"/>
<point x="276" y="320"/>
</points>
</Connector>
<Connector class="oracle.dbtools.crest.swingui.logical.TVRelation" oid="201AAAEB-692D-95E4-FF92-5184FEFE572C" otype="Relation" vid_source="C019B227-9ADE-2007-5935-552866834F54" vid_target="C019B227-9ADE-2007-5935-552866834F54">
<hideElementsInCurrentOnly>false</hideElementsInCurrentOnly>
<backgroundColor>-16777216</backgroundColor>
<lineWidth>1</lineWidth>
<points>
<point x="232" y="516"/>
<point x="232" y="532"/>
<point x="232" y="603"/>
<point x="137" y="603"/>
<point x="137" y="516"/>
</points>
</Connector>
<Connector class="oracle.dbtools.crest.swingui.logical.TVInheritanceRelation" oid="2995C268-6F1B-5925-5CC2-EE41CC10D465" otype="Hierarchy relation" vid_source="D0A0C37C-C803-D23A-E11D-DCD39AD6EEBC" vid_target="227BD76F-E177-1936-BC2C-E5B74003C4CB">
<hideElementsInCurrentOnly>false</hideElementsInCurrentOnly>
<backgroundColor>-65536</backgroundColor>
<lineWidth>1</lineWidth>
</Connector>
<Connector class="oracle.dbtools.crest.swingui.logical.TVInheritanceRelation" oid="8C87B06D-0CB9-A39A-9743-D58DF3F6838D" otype="Hierarchy relation" vid_source="7D41122B-2A05-2DDA-8A80-7F10F65000E0" vid_target="1D917AFC-58AE-FF41-E54F-5903559F6FB9">
<hideElementsInCurrentOnly>false</hideElementsInCurrentOnly>
<backgroundColor>-65536</backgroundColor>
<lineWidth>1</lineWidth>
</Connector>
<Connector class="oracle.dbtools.crest.swingui.logical.TVRelation" oid="B49D65F7-7114-BED4-2DE1-8677D971ADC7" otype="Relation" vid_source="CD70BA2D-BCE1-D132-CB42-D7FC98D2CEBB" vid_target="7D41122B-2A05-2DDA-8A80-7F10F65000E0">
<hideElementsInCurrentOnly>false</hideElementsInCurrentOnly>
<backgroundColor>-16777216</backgroundColor>
<lineWidth>1</lineWidth>
<points>
<point x="589" y="221"/>
<point x="589" y="290"/>
</points>
</Connector>
<Connector class="oracle.dbtools.crest.swingui.logical.TVRelation" oid="B77B7D48-1D7B-7E5B-E7AB-761752D3D8AC" otype="Relation" vid_source="B46BD446-A7AE-DC6B-89EF-95573CC6AE48" vid_target="6B897733-321D-D778-E46E-BCB212CE29F3">
<hideElementsInCurrentOnly>false</hideElementsInCurrentOnly>
<backgroundColor>-16777216</backgroundColor>
<lineWidth>1</lineWidth>
<points>
<point x="1265" y="202"/>
<point x="1265" y="315"/>
</points>
</Connector>
<Connector class="oracle.dbtools.crest.swingui.logical.TVRelation" oid="C5B1F543-34C8-A28B-DD9B-3209F70067CE" otype="Relation" vid_source="FA7B45C3-6977-A5A7-2B34-6897C2C825E4" vid_target="B46BD446-A7AE-DC6B-89EF-95573CC6AE48">
<hideElementsInCurrentOnly>false</hideElementsInCurrentOnly>
<backgroundColor>-16777216</backgroundColor>
<lineWidth>1</lineWidth>
<points>
<point x="972" y="85"/>
<point x="1104" y="85"/>
</points>
</Connector>
<Connector class="oracle.dbtools.crest.swingui.logical.TVInheritanceRelation" oid="DD760AFC-A6BD-8BF5-237D-18568902FC2D" otype="Hierarchy relation" vid_source="D0A0C37C-C803-D23A-E11D-DCD39AD6EEBC" vid_target="C019B227-9ADE-2007-5935-552866834F54">
<hideElementsInCurrentOnly>false</hideElementsInCurrentOnly>
<backgroundColor>-65536</backgroundColor>
<lineWidth>1</lineWidth>
</Connector>
<Connector class="oracle.dbtools.crest.swingui.logical.TVRelation" oid="E7488948-5F45-7453-9F78-37BDE5FBC970" otype="Relation" vid_source="6B897733-321D-D778-E46E-BCB212CE29F3" vid_target="7D41122B-2A05-2DDA-8A80-7F10F65000E0">
<hideElementsInCurrentOnly>false</hideElementsInCurrentOnly>
<backgroundColor>-16777216</backgroundColor>
<lineWidth>1</lineWidth>
<points>
<point x="1107" y="396"/>
<point x="1024" y="396"/>
</points>
</Connector>
<Connector class="oracle.dbtools.crest.swingui.logical.TVRelation" oid="EC0A0BD1-5E9D-2DCB-9024-1FAE9FB8D936" otype="Relation" vid_source="5A4160E7-03BF-0DF3-4529-07452B9EBAF5" vid_target="CD70BA2D-BCE1-D132-CB42-D7FC98D2CEBB">
<hideElementsInCurrentOnly>false</hideElementsInCurrentOnly>
<backgroundColor>-16777216</backgroundColor>
<lineWidth>1</lineWidth>
<points>
<point x="332" y="145"/>
<point x="448" y="145"/>
</points>
</Connector>
</connectors>
</Diagram>