<?xml version = '1.0' encoding = 'UTF-8'?>
<DomainFile class="oracle.dbtools.crest.model.design.DomainFileWrapper" fileName="DDL_MinTrabajo_SistemaPostulaciones_Domains">
<domains>
<Domain class="oracle.dbtools.crest.model.design.Domain" name="CHAR_0_0_3" id="0EF7A15A-0064-8AE0-F18A-6500A169C3B0">
<createdBy>felix</createdBy>
<createdTime>2025-09-08 17:02:29 UTC</createdTime>
<ownerDesignName>MER_MinTrabajo_SistemaPostulaciones</ownerDesignName>
<avTSortOrder>0</avTSortOrder>
<dataTypePrecision>0</dataTypePrecision>
<dataTypeScale>0</dataTypeScale>
<dataTypeSize>3</dataTypeSize>
<fileName>DDL_MinTrabajo_SistemaPostulaciones_Domains</fileName>
<logicalDatatype>LOGDT025</logicalDatatype>
</Domain>
<Domain class="oracle.dbtools.crest.model.design.Domain" name="VARCHAR_0_0_13" id="0F0AD0CE-9DC9-5F59-C4D8-BA682A904215">
<createdBy>felix</createdBy>
<createdTime>2025-09-08 17:02:29 UTC</createdTime>
<ownerDesignName>MER_MinTrabajo_SistemaPostulaciones</ownerDesignName>
<avTSortOrder>0</avTSortOrder>
<dataTypePrecision>0</dataTypePrecision>
<dataTypeScale>0</dataTypeScale>
<dataTypeSize>13</dataTypeSize>
<fileName>DDL_MinTrabajo_SistemaPostulaciones_Domains</fileName>
<logicalDatatype>LOGDT024</logicalDatatype>
</Domain>
<Domain class="oracle.dbtools.crest.model.design.Domain" name="VARCHAR_0_0_20" id="28874B49-1173-B1D9-CFBA-B1DFFA8FFC17">
<createdBy>felix</createdBy>
<createdTime>2025-09-08 17:02:29 UTC</createdTime>
<ownerDesignName>MER_MinTrabajo_SistemaPostulaciones</ownerDesignName>
<avTSortOrder>0</avTSortOrder>
<dataTypePrecision>0</dataTypePrecision>
<dataTypeScale>0</dataTypeScale>
<dataTypeSize>20</dataTypeSize>
<fileName>DDL_MinTrabajo_SistemaPostulaciones_Domains</fileName>
<logicalDatatype>LOGDT024</logicalDatatype>
</Domain>
<Domain class="oracle.dbtools.crest.model.design.Domain" name="VARCHAR_0_0_30" id="38175F49-3F1C-6F0A-4E6E-3D84B5B71312">
<createdBy>felix</createdBy>
<createdTime>2025-09-08 17:02:29 UTC</createdTime>
<ownerDesignName>MER_MinTrabajo_SistemaPostulaciones</ownerDesignName>
<avTSortOrder>0</avTSortOrder>
<dataTypePrecision>0</dataTypePrecision>
<dataTypeScale>0</dataTypeScale>
<dataTypeSize>30</dataTypeSize>
<fileName>DDL_MinTrabajo_SistemaPostulaciones_Domains</fileName>
<logicalDatatype>LOGDT024</logicalDatatype>
</Domain>
<Domain class="oracle.dbtools.crest.model.design.Domain" name="VARCHAR_0_0_35" id="455FB31B-2E18-D7E6-E954-F00A80B96436">
<createdBy>felix</createdBy>
<createdTime>2025-09-08 17:02:29 UTC</createdTime>
<ownerDesignName>MER_MinTrabajo_SistemaPostulaciones</ownerDesignName>
<avTSortOrder>0</avTSortOrder>
<dataTypePrecision>0</dataTypePrecision>
<dataTypeScale>0</dataTypeScale>
<dataTypeSize>35</dataTypeSize>
<fileName>DDL_MinTrabajo_SistemaPostulaciones_Domains</fileName>
<logicalDatatype>LOGDT024</logicalDatatype>
</Domain>
<Domain class="oracle.dbtools.crest.model.design.Domain" name="VARCHAR_0_0_15" id="47C1D44A-351F-C908-0AB4-E0E5032A1ABC">
<createdBy>felix</createdBy>
<createdTime>2025-09-08 17:02:29 UTC</createdTime>
<ownerDesignName>MER_MinTrabajo_SistemaPostulaciones</ownerDesignName>
<avTSortOrder>0</avTSortOrder>
<dataTypePrecision>0</dataTypePrecision>
<dataTypeScale>0</dataTypeScale>
<dataTypeSize>15</dataTypeSize>
<fileName>DDL_MinTrabajo_SistemaPostulaciones_Domains</fileName>
<logicalDatatype>LOGDT024</logicalDatatype>
</Domain>
<Domain class="oracle.dbtools.crest.model.design.Domain" name="NUMERIC_38_0_0" id="4C73D04D-00E9-7F6C-95B9-A0199E6FA8CB">
<createdBy>felix</createdBy>
<createdTime>2025-09-08 17:02:29 UTC</createdTime>
<ownerDesignName>MER_MinTrabajo_SistemaPostulaciones</ownerDesignName>
<avTSortOrder>0</avTSortOrder>
<dataTypePrecision>38</dataTypePrecision>
<dataTypeScale>0</dataTypeScale>
<dataTypeSize>0</dataTypeSize>
<fileName>DDL_MinTrabajo_SistemaPostulaciones_Domains</fileName>
<logicalDatatype>LOGDT019</logicalDatatype>
</Domain>
<Domain class="oracle.dbtools.crest.model.design.Domain" name="Date_0_0_0" id="4F4C37B7-C285-7164-08C1-E66B1394BB87">
<createdBy>felix</createdBy>
<createdTime>2025-09-08 17:02:29 UTC</createdTime>
<ownerDesignName>MER_MinTrabajo_SistemaPostulaciones</ownerDesignName>
<avTSortOrder>0</avTSortOrder>
<fileName>DDL_MinTrabajo_SistemaPostulaciones_Domains</fileName>
<logicalDatatype>LOGDT007</logicalDatatype>
</Domain>
<Domain class="oracle.dbtools.crest.model.design.Domain" name="NUMERIC_0_0_0" id="607FE914-51FC-DE6F-034D-2420504DB868">
<createdBy>felix</createdBy>
<createdTime>2025-09-08 17:02:29 UTC</createdTime>
<ownerDesignName>MER_MinTrabajo_SistemaPostulaciones</ownerDesignName>
<avTSortOrder>0</avTSortOrder>
<fileName>DDL_MinTrabajo_SistemaPostulaciones_Domains</fileName>
<logicalDatatype>LOGDT019</logicalDatatype>
</Domain>
<Domain class="oracle.dbtools.crest.model.design.Domain" name="VARCHAR_0_0_10" id="639143A9-9E46-C800-54EA-9086911F76D6">
<createdBy>felix</createdBy>
<createdTime>2025-09-08 17:02:29 UTC</createdTime>
<ownerDesignName>MER_MinTrabajo_SistemaPostulaciones</ownerDesignName>
<avTSortOrder>0</avTSortOrder>
<dataTypePrecision>0</dataTypePrecision>
<dataTypeScale>0</dataTypeScale>
<dataTypeSize>10</dataTypeSize>
<fileName>DDL_MinTrabajo_SistemaPostulaciones_Domains</fileName>
<logicalDatatype>LOGDT024</logicalDatatype>
</Domain>
<Domain class="oracle.dbtools.crest.model.design.Domain" name="NUMERIC_20_0_0" id="7378EC1A-7553-ECE3-0483-49CDCC88B116">
<createdBy>felix</createdBy>
<createdTime>2025-09-08 17:02:29 UTC</createdTime>
<ownerDesignName>MER_MinTrabajo_SistemaPostulaciones</ownerDesignName>
<avTSortOrder>0</avTSortOrder>
<dataTypePrecision>20</dataTypePrecision>
<dataTypeScale>0</dataTypeScale>
<dataTypeSize>0</dataTypeSize>
<fileName>DDL_MinTrabajo_SistemaPostulaciones_Domains</fileName>
<logicalDatatype>LOGDT019</logicalDatatype>
</Domain>
<Domain class="oracle.dbtools.crest.model.design.Domain" name="VARCHAR_0_0_50" id="877EAF70-1076-B263-46DC-CC37B7F7549F">
<createdBy>felix</createdBy>
<createdTime>2025-09-08 17:02:29 UTC</createdTime>
<ownerDesignName>MER_MinTrabajo_SistemaPostulaciones</ownerDesignName>
<avTSortOrder>0</avTSortOrder>
<dataTypePrecision>0</dataTypePrecision>
<dataTypeScale>0</dataTypeScale>
<dataTypeSize>50</dataTypeSize>
<fileName>DDL_MinTrabajo_SistemaPostulaciones_Domains</fileName>
<logicalDatatype>LOGDT024</logicalDatatype>
</Domain>
<Domain class="oracle.dbtools.crest.model.design.Domain" name="VARCHAR_0_0_100" id="B192A39B-E82A-681E-007F-14F7DF4CF4B3">
<createdBy>felix</createdBy>
<createdTime>2025-09-08 17:02:29 UTC</createdTime>
<ownerDesignName>MER_MinTrabajo_SistemaPostulaciones</ownerDesignName>
<avTSortOrder>0</avTSortOrder>
<dataTypePrecision>0</dataTypePrecision>
<dataTypeScale>0</dataTypeScale>
<dataTypeSize>100</dataTypeSize>
<fileName>DDL_MinTrabajo_SistemaPostulaciones_Domains</fileName>
<logicalDatatype>LOGDT024</logicalDatatype>
</Domain>
<Domain class="oracle.dbtools.crest.model.design.Domain" name="VARCHAR_0_0_200" id="C4478516-FA34-7A67-CC2C-AC98F02962B7">
<createdBy>felix</createdBy>
<createdTime>2025-09-08 17:02:29 UTC</createdTime>
<ownerDesignName>MER_MinTrabajo_SistemaPostulaciones</ownerDesignName>
<avTSortOrder>0</avTSortOrder>
<dataTypePrecision>0</dataTypePrecision>
<dataTypeScale>0</dataTypeScale>
<dataTypeSize>200</dataTypeSize>
<fileName>DDL_MinTrabajo_SistemaPostulaciones_Domains</fileName>
<logicalDatatype>LOGDT024</logicalDatatype>
</Domain>
<Domain class="oracle.dbtools.crest.model.design.Domain" name="VARCHAR_0_0_240" id="D3810C2E-8AB1-5B62-F056-5A60C2652A85">
<createdBy>felix</createdBy>
<createdTime>2025-09-08 17:02:29 UTC</createdTime>
<ownerDesignName>MER_MinTrabajo_SistemaPostulaciones</ownerDesignName>
<avTSortOrder>0</avTSortOrder>
<dataTypePrecision>0</dataTypePrecision>
<dataTypeScale>0</dataTypeScale>
<dataTypeSize>240</dataTypeSize>
<fileName>DDL_MinTrabajo_SistemaPostulaciones_Domains</fileName>
<logicalDatatype>LOGDT024</logicalDatatype>
</Domain>
<Domain class="oracle.dbtools.crest.model.design.Domain" name="VARCHAR_0_0_1" id="D6A17DCE-4849-AA7C-1179-E425F10C84EA">
<createdBy>felix</createdBy>
<createdTime>2025-09-08 17:02:29 UTC</createdTime>
<ownerDesignName>MER_MinTrabajo_SistemaPostulaciones</ownerDesignName>
<avTSortOrder>0</avTSortOrder>
<dataTypePrecision>0</dataTypePrecision>
<dataTypeScale>0</dataTypeScale>
<dataTypeSize>1</dataTypeSize>
<fileName>DDL_MinTrabajo_SistemaPostulaciones_Domains</fileName>
<logicalDatatype>LOGDT024</logicalDatatype>
</Domain>
</domains>
</DomainFile>